rawcode,shop,name_ru,name_en,category,element,rank,goldcost,STR,AGI,INT,AllStat,DMG,DEF,MS,AS,MaxHP,MaxMP,HP_regen,MP_regen,Lifesteal,Crit,Evasion,active_CD,active_mana,abilities_resolved,description_ru,description_en,crafted_from,crafts_into
I04J,Base Items (n004),Дроид-охранник mk.II (рецепт),Guard Droid Mk.II (Recipe),,,,2350,,,,,,,,,,,,,,,,,,,"Увеличивает AllStat на 20, регенерацию маны на 50% и HP на 10 ед. Активная способность:""Дроид-охранник"" - устанавливает в указанную область вард, на 80 сек. |  | Перезарядка: 25 сек. |  | Требуется: Дроид-охранник х2, Улучшить предмет.","Increases AllStat by 20, MP regen by 50% and HP regen by 10. Active ability: ""Guard Droid"" - places a ward in targeted area for 80 sec. | Cooldown: 25 sec. | Requires: Guard Droid x2, Upgrade Item.",,
I067,Base Items (n004),Дроид-охранник mk.III (рецепт),Guard Droid Mk.III (Recipe),,,,3450,,,,,,,,,,,,,,,,,,,"Увеличивает AllStat на 25, регенерацию MP на 75% и регенерацию HP на 20 ед., +500 HP. Активная способность:""Дроид-охранник"" - устанавливает в указанную область вард, на 100 сек. |  | Перезарядка: 20 сек. |  | Требуется: Дроид-охранник mk.II, Шапка мадао.","Increases AllStat by 25, MP regen by 75% and HP regen by 20, +500 HP. Active ability: ""Guard Droid"" - places a ward in targeted area for 100 sec. | Cooldown: 20 sec. | Requires: Guard Droid Mk.II, Madao Hat.",,
I03M,Recipes (n005),Перчатки Вонголы Ver. X (рецепт),Vongola X Gloves (Recipe),,,,4800,,,,,,,,,,,,,,,,,,,"Увеличение AS героя на 175%, AllStat на 35 |  | Active: ""Burning Axel"" - бросок огненного шара, который взрывается, при попадании в первого попавшегося врага, наносящего AllStat*2 и оглушая на 0.2 сек в области 500 AoE. Дополнительно, герой начинает наносить на 15% больше урона в течении 6 секунд. |  | Перезарядка: 25 сек. |  | Требуется: Перчатки Вонголы,6хУлучшить предмет.","Increases hero AS by 175%, AllStat by 35. | Active: ""Burning Axel"" - throws a fireball that explodes on hitting the first enemy, dealing AllStat*2 and stunning for 0.2 sec in 500 AoE. Additionally, the hero deals 15% more damage for 6 sec. | Cooldown: 25. | Requires: Vongola Gloves, 6x Upgrade Item.",,
I125,Recipes 4 (n108),Сфера Времени (рецепт),Time Sphere (Recipe),,,,750,,,,,,,,,,,,,,,,,,,"Увеличивает AllStat на 30 ед и регенерацию маны на 25%. . Способность: ""Возврат"" - мгновенно телепортирует героя(владельца сферы) в то место, в котором он был 4 сек. назад. Не работают в Т Широ. |  | Перезарядка: 10 сек. |  | Требуется: Посох Тьмы Ранга A(2750)+Рецепт(750).","Increases AllStat by 30 and MP regen by 25%. Ability: ""Return"" - instantly teleports the hero (sphere owner) to the location they were 4 sec ago. Does not work in Shiro T. | Cooldown: 10 sec. | Requires: Staff of Darkness Rank A (2750) + Recipe (750).",,Time Sphere (I03P)
I03P,Ultimate Items (n00E),Сфера Времени,Time Sphere,,,,3500,,,,30,,,,,,,,25,,,,10,150,Active CD=10s mana=150 (A0VS); +30 AllStat (A06P); +25% MP regen (A04M),"Увеличивает AllStat на 30 ед и регенерацию маны на 25%. . Способность: ""Возврат"" - мгновенно телепортирует героя(владельца сферы) в то место, в котором он был 4 сек. назад. Не работают в Т Широ. |  | Перезарядка: 10 сек.","Increases AllStat by 30 and MP regen by 25%. Ability: ""Return"" - instantly teleports the hero (sphere owner) to the location they were 4 sec ago. Does not work in Shiro T. | Cooldown: 10 sec.","Staff of Darkness, Rank A (I01Z) + Time Sphere (Recipe) (I125)",
I124,Recipes 4 (n108),Сфера Пространства (рецепт),Space Sphere (Recipe),,,,750,,,,,,,,,,,,,,,,,,,"Увеличивает AllStat на 30 и регенерацию маны на 25%.  | Active: ""Портал"" - мгновенно телепортирует указанного героя в то место, в котором он был 4 сек. назад. Не работают в Т Широ и врага под Imagine Breaker. |  |  | Перезарядка: 10 сек. |  | Требуется: Посох Тьмы Ранга A(2750)+Рецепт(750).","Increases AllStat by 30 and MP regen by 25%. | Active: ""Portal"" - instantly teleports a targeted hero to the location they were 4 sec ago. Does not work in Shiro T and on enemies with Imagine Breaker. | Cooldown: 10 sec. | Requires: Staff of Darkness Rank A (2750) + Recipe (750).",,Space Sphere (I03Q)
I01Z,,"Посох Тьмы, Ранг A","Staff of Darkness, Rank A",,,,2750,,,,20,40,,,40,,,,,,,,,,"Dark Aura: -40% enemy DMG, range 600 (A096); +40% AS (A0Y4); +40 DMG (A05W); +20 AllStat (A0EO)","Повышение силы атаки на 40 ед., AS +40%, повышение AllStat на 20 ед. |  | Аура Тьмы: уменьшение силы атаки противника на 40%","Increases AD by 40, AS +40%, AllStat by 20. | Dark Aura: reduces enemy AD by 40%.","Staff of Darkness, Rank B (I01Y) + Upgrade Item (I00E)","Space Sphere (I03Q) , Time Sphere (I03P) , Sealed Staff of Darkness (I06C) , Staff of the West Wind (I04G)"
I03Q,Ultimate Items (n00E),Сфера Пространства,Space Sphere,,,,3500,,,,30,,,,,,,,25,,,,10,150,Active CD=10s mana=150 (A0VT); +30 AllStat (A06P); +25% MP regen (A04M),"Увеличивает AllStat на 30 и регенерацию маны на 25%.  | Active: ""Портал"" - мгновенно телепортирует указанного героя в то место, в котором он был 4 сек. назад. Не работают в Т Широ и врага под Imagine Breaker. |  |  | Перезарядка: 10 сек.","Increases AllStat by 30 and MP regen by 25%. | Active: ""Portal"" - instantly teleports a targeted hero to the location they were 4 sec ago. Does not work in Shiro T and on enemies with Imagine Breaker. | Cooldown: 10 sec.","Staff of Darkness, Rank A (I01Z) + Space Sphere (Recipe) (I124)",
I103,Recipes 3 (n0J2),Сапоги Побега (Рецепт),Escape Boots (Recipe),,,,1100,,,,,,,,,,,,,,,,,,,"Повышение MS на 250, увеличение AllStat на 30. |  | Passive: Дает шанс 50% уклониться от удара |  | Active: ""Бегство"" - увеличивает MS(+1000%) и AS(+100%) владельцу и союзникам в радиусе 1000 , в течении 7 сек. | Работает с 4 раунда | Перезарядка: 15 сек. | Требуется:Сапоги скорости,Медаль Храбрости, Туфли Анбу,Рецепт.","Increases MS by 250, AllStat by 30. | Passive: 50% chance to dodge attacks. | Active: ""Escape"" - increases MS (+1000%) and AS (+100%) for the owner and allies in radius 1000 for 7 sec. | Available from round 4. | Cooldown: 15 sec. | Requires: Speed Boots, Medallion of Courage, ANBU Shoes, Recipe.",,Escape Boots (I102)
I102,Ultimate Items (n00E),Сапоги Побега,Escape Boots,Boots,,,4000,,,,30,,,250,,,,,,,,50,15,150,Active CD=15s mana=150 (AI10); +250 MS (A0HH); +30 AllStat (A06P); 50% Evasion (JASS) (AI11),"Повышение MS на 250, увеличение AllStat на 30. |  | Passive: Дает шанс 50% уклониться от удара |  | Active: ""Бегство"" - увеличивает MS(+1000%) и AS(+100%) владельцу и союзникам в радиусе 1000 , в течении 7 сек. | Работает с 4 раунда | Перезарядка: 15 сек.","Increases MS by 250, AllStat by 30. | Passive: 50% chance to dodge attacks. | Active: ""Escape"" - increases MS (+1000%) and AS (+100%) for the owner and allies in radius 1000 for 7 sec. | Available from round 4. | Cooldown: 15 sec.",Speed Boots (I01F) + Medallion of Courage (I01M) + ANBU Shoes (I03E) + Escape Boots (Recipe) (I103),
I047,Recipes (n005),Ураганные Сапоги (рецепт),Hurricane Boots (Recipe),,,,1400,,,,,,,,,,,,,,,,,,,"Повышение MS до максимума, увеличение AllStat на 30 | Active: ""Тайфун"" |  | Перезарядка: 10 сек. |  | Требуется: Сапоги скорости,Сфера Ветра,Медаль Храбрости, Рецепт.","Increases MS to maximum, AllStat by 30. | Active: ""Typhoon"" | Cooldown: 10 sec. | Requires: Speed Boots, Wind Sphere, Medallion of Courage, Recipe.",,Hurricane Boots (I046)
I046,Ultimate Items (n00E),Ураганные сапоги,Hurricane Boots,Boots,,,5000,,,,30,,,200,,,,,,,,,10,150,Active CD=10s mana=150 (A0WP); +200 MS (A0HQ); +30 AllStat (A06P),"Повышение MS на 200, увеличение AllStat на 30. |  | Active: ""Тайфун"" - героя толкает в ту сторону, куда он смотрит на расстояние 600 и дает ускорение на 25% на 4 сек. |  | Перезарядка: 10 сек.","Increases MS by 200, AllStat by 30. | Active: ""Typhoon"" - pushes the hero in the direction they are facing for 600 distance and grants 25% MS boost for 4 sec. | Cooldown: 10 sec.",Speed Boots (I01F) + Medallion of Courage (I01M) + Wind Sphere (I02T) + Hurricane Boots (Recipe) (I047),
I055,Recipes (n005),Ледяные сапоги (рецепт),Ice Boots (Recipe),Boots,,,1100,,,,,,,,,,,,,,,,,,,"Повышение MS на 300, увеличение AllStat на 30. |  | Active: ""Заморозка мозгов""  |  | Перезарядка: 30 сек. |  | Требуется:Сапоги скорости,Медаль Храбрости, Сфера Льда, Рецепт.","Increases MS by 300, AllStat by 30. | Active: ""Brain Freeze"" | Cooldown: 30 sec. | Requires: Speed Boots, Medallion of Courage, Ice Sphere, Recipe.",,Ice Boots (I054)
I054,Ultimate Items (n00E),Ледяные сапоги,Ice Boots,Boots,,,5000,,,,30,,,300,,,,,,,,,30,100,Active CD=30s mana=100 (A15E); +300 MS (A15D); +30 AllStat (A06P),"Повышение MS на 300, увеличение AllStat на 30. |  | Active: ""Заморозка мозгов"" - мгновенно восстанавливает 20% маны, также в течении 5 сек. у героя не тратится мана. |  | Перезарядка: 30 сек.","Increases MS by 300, AllStat by 30. | Active: ""Brain Freeze"" - instantly restores 20% mana, also for 5 sec the hero does not spend mana. | Cooldown: 30 sec.",Speed Boots (I01F) + Ice Sphere (I02S) + Medallion of Courage (I01M) + Ice Boots (Recipe) (I055),
I001,,Circlet of Nobility,Circlet of Nobility,,,,125,,,,2,,,,,,,,,,,,,,+2 AllStat (AIx2),"Increases the Strength, Agility and Intelligence of the Hero by 2 when worn.","Increases the Strength, Agility and Intelligence of the Hero by 2 when worn.",,"Bracers of Strength (I002) , Sage's Mantle (I004) , Agility Boots (I006)"
I000,,Руковицы силы,Gauntlets of Strength,,,,175,3,,,,,,,,,,,,,,,,,+3 STR (AIs3),Increases the Strength of the Hero by 3 when worn.,Increases the Strength of the Hero by 3 when worn.,,Bracers of Strength (I002)
I003,,Мантия ученого,Scholar's Mantle,,,,175,,,3,,,,,,,,,,,,,,,+3 INT (AIi3),Increases the Intelligence of the Hero by 3 when worn.,Increases the Intelligence of the Hero by 3 when worn.,,Sage's Mantle (I004)
I005,,Туфли Ловкости ,Agility Slippers,,,,175,,3,,,,,,,,,,,,,,,,+3 AGI (AIa3),Increases the Agility of the Hero by 3 when worn.,Increases the Agility of the Hero by 3 when worn.,,Agility Boots (I006)
I002,,Браслеты силы,Bracers of Strength,,,,300,6,3,3,,,,,,,,,,,,,,,"+6 STR, +3 AGI, +3 INT (A03K)",Повышение силы героя на 6 ед. и ост. характеристик на 3 ед.,Increases hero STR by 6 and other stats by 3.,Gauntlets of Strength (I000) + Circlet of Nobility (I001),Medallion of Courage (I01M)
I004,,Мантия мудреца,Sage's Mantle,,,,300,3,3,6,,,,,,,,,,,,,,,"+3 STR, +3 AGI, +6 INT (A03L)",Повышение разума героя на 6 ед. и ост. характеристик на 3 ед.,Increases hero INT by 6 and other stats by 3.,Scholar's Mantle (I003) + Circlet of Nobility (I001),Medallion of Courage (I01M)
I006,,Сапоги Ловкости ,Agility Boots,,,,300,3,6,3,,,,,,,,,,,,,,,"+3 STR, +6 AGI, +3 INT (A03M)",Повышение ловкости героя на 6 ед. и ост. характеристик на 3 ед.,Increases hero AGI by 6 and other stats by 3.,Agility Slippers (I005) + Circlet of Nobility (I001),Medallion of Courage (I01M)
I008,Base Items (n004),Перчатки Вонголы,Vongola Gloves,,,,300,,,,,,,,15,,,,,,,,,,+15% AS (AIsx),Увеличение AS героя на 15%.,Increases hero AS by 15%.,,"Speed Boots (I01F) , Vongola Gloves Lv.1 (I03G) , Medusa - Dr.Stone (IMDi)"
I04K,,Boots of Speed,Boots of Speed,,,,300,,,,,,,60,,,,,,,,,,,+60 MS (AIms),Ускорение перемещения героя на 60 ед.,Increases hero movement speed by 60.,,Speed Boots (I01F)
I01G,,Сапоги скорости (рецепт),Speed Boots (Recipe),,,,400,,,,,,,,,,,,,,,,,,,"Ускорение перемещения героя на 100 ед., DEF на 5 ед. и AllStat на 15 ед. |  | Требуется: Сапоги-скороходы, Перчатки Вонголы, Рецепт.","Increases hero MS by 100, DEF by 5 and AllStat by 15. | Requires: Boots of Speed, Vongola Gloves, Recipe.",,Speed Boots (I01F)
I01M,Base Items (n004),Medallion of Courage,Medallion of Courage,,,,900,,,,14,,,,,,,,,,,,,,+14 AllStat (A2VM),Повышение AllStat на 14.,Increases AllStat by 14.,Agility Boots (I006) + Sage's Mantle (I004) + Bracers of Strength (I002),"Fire Boots (I02W) , Hurricane Boots (I046) , Ice Essence (I04L) , Gegetsuburi [Weapon] (I050) , Imagine Breaker (I04V) , Patriot [Weapon] (I031) , Escape Boots (I102) , Ice Boots (I054)"
I01F,Base Items (n004),Сапоги скорости,Speed Boots,Boots,,,1000,,,,17,,,100,,,,,,,,,,,+17 AllStat (A121); +100 MS (A06H),Ускорение перемещения героя на 100 ед. и AllStat на 17 ед.,Increases hero MS by 100 and AllStat by 17.,Boots of Speed (I04K) + Speed Boots (Recipe) (I01G) + Vongola Gloves (I008),"Fire Boots (I02W) , Hurricane Boots (I046) , Escape Boots (I102) , Ice Boots (I054)"
I02X,Recipes (n005),Огненные сапоги (рецепт),Fire Boots (Recipe),,,,1200,,,,,,,,,,,,,,,,,,,"Повышение MS до максимума, увеличение AllStat на 30 | Active: ""Огненный бег"" |  | Перезарядка: 50 сек. |  | Требуется: Сапоги скорости,Сфера огня,Медаль Храбрости, Рецепт.","Increases MS to maximum, AllStat by 30. | Active: ""Fire Run"" | Cooldown: 50 sec. | Requires: Speed Boots, Fire Sphere, Medallion of Courage, Recipe.",,Fire Boots (I02W)
I02R,Ultimate Items (n00E),Orb of Fire,Orb of Fire,,,,2000,20,,,,,,,,,,5,,,,,,,"+5 HP/s regen (A127); +20 STR (A03T); Aura: +20 HP/s, +6 regen (radius 1500) (A0X1)","Увеличивает STR героя на 20 ед. и регенерацию на 6 ед. в радиусе 1500 ед. |  | ""Регенерация"" - восстанавливает 100 +(5*Уровень героя) HP за 10 сек в 900 AoE. |  | Перезарядка: 20 сек.","Increases hero STR by 20 and regen by 6 in radius 1500. | ""Regeneration"" - restores 100 + (5*Hero Level) HP over 10 sec in 900 AoE. | Cooldown: 20 sec.",,"Fire Boots (I02W) , Seal of Elements (I044) , Alastor (I03A) , Blood Sphere (I043) , Holy Grail (I068)"
I02W,Ultimate Items (n00E),Огненные сапоги,Fire Boots,Boots,,,5100,,,,30,,,200,,,,,,,,,60,350,Active: AoE Stun CD=60s mana=350 (A0HR); +200 MS (A0HQ); +30 AllStat (A06P),"Повышение MS на 200, увеличение AllStat на 30. |  | Active: ""Огненный бег"" - позволяет преодолеть максимальный MS, каждая AGI дает 0.5 ед. MS, также создает огненный след. |  | Перезарядка: 50 сек.","Increases MS by 200, AllStat by 30. | Active: ""Fire Run"" - allows exceeding max MS, each AGI gives 0.5 MS, also creates a fire trail. | Cooldown: 50 sec.",Speed Boots (I01F) + Medallion of Courage (I01M) + Orb of Fire (I02R) + Fire Boots (Recipe) (I02X),
I108,Recipes 4 (n108),Сфера Крови (рецепт),Blood Sphere (Recipe),,,,2000,,,,,,,,,,,,,,,,,,,"Увеличивает AllStat на 15 HP и MP на 1500, MP Regen на 150% и HP Regen на 20 ед. | Активно: Крадет 5% Max HP и MP всех врагов в радиусе 1200 и переносит их герою. | Перезарядка: 25 сек |  | Требуется: Сфера Льда(2000)+Сфера Огня(2000)+Рецепт(2000).","Increases AllStat by 15, HP and MP by 1500, MP Regen by 150% and HP Regen by 20. | Active: Steals 5% Max HP and MP from all enemies in radius 1200 and transfers them to the hero. | Cooldown: 25 sec. | Requires: Ice Sphere (2000) + Fire Sphere (2000) + Recipe (2000).",,Blood Sphere (I043)
I043,Ultimate Items (n00E),Сфера Крови,Blood Sphere,,,,6000,,,,15,,,,,1500,1500,20,150,,,,25,200,Active CD=25s mana=200 (A0WL); Spellbook: [+1500 Max MP (A0WY); +1500 Max HP (A0WZ); +20 HP/s regen (A03V); +150% MP regen (A04R)] (A0WK); +15 AllStat (JNF5),"Увеличивает AllStat на 15 HP и MP на 1500, MP Regen на 150% и HP Regen на 20 ед.  |  | Активно: Крадет 5% Max HP и MP всех врагов в радиусе 1200 и переносит их герою. |  | Перезарядка: 25 сек.","Increases AllStat by 15, HP and MP by 1500, MP Regen by 150% and HP Regen by 20. | Active: Steals 5% Max HP and MP from all enemies in radius 1200 and transfers them to the hero. | Cooldown: 25 sec.",Orb of Fire (I02R) + Ice Sphere (I02S) + Blood Sphere (Recipe) (I108),
IPar,Recipes 2 (n015),Патриот (рецепт),Patriot (Recipe),,,,500,,,,,,,,,,,,,,,,,,,"Повышение силы атаки на 75 ед., AllStat на 25 ед. | Passive: ""Патриотизм"" - каждый удар, либо базовый урон(без учета Onizuka/Tesseract и тд) свыше 300 крадет 3 AllStat врага на 10 сек. | ""Бессмысленность"" - кража 5 AllStat каждый раунд до 40 на 15 сек. |  | Перезарядка: 45 сек. |  | Сборка: Закаленный Меч + Медаль Храбрости + Рецепт","Increases AD by 75, AllStat by 25. | Passive: ""Patriotism"" - each hit or base damage (excluding Onizuka/Tesseract etc.) over 300 steals 3 AllStat from enemy for 10 sec. | ""Pointlessness"" - steals 5 AllStat each round up to 40 for 15 sec. | Cooldown: 45 sec.",,Patriot [Weapon] (I031)
I031,Weapons (n00F),Патриот |r|c00FF5555Weapon|r,Patriot [Weapon],,,,5000,,,,25,75,,,,,,,,,,,45,50,Active CD=45s mana=50 (A0NF); +75 DMG (A46M); +25 AllStat (A060),"Повышение силы атаки на 75 ед., AllStat на 25 ед. | Passive: ""Патриотизм"" - каждый удар, либо базовый урон(без учета Onizuka/Tesseract и тд) свыше 300 крадет 3 AllStat врага на 10 сек. | ""Бессмысленность"" - кража 5 AllStat каждый раунд до 40 на 15 сек. |  | Перезарядка: 45 сек.","Increases AD by 75, AllStat by 25. | Passive: ""Patriotism"" - each hit or base damage (excluding Onizuka/Tesseract etc.) over 300 steals 3 AllStat from enemy for 10 sec. | ""Pointlessness"" - steals 5 AllStat each round up to 40 for 15 sec. | Cooldown: 45 sec.",Tempered Sword [Weapon] (I01L) + Medallion of Courage (I01M) + Patriot (Recipe) (IPar),
I051,Recipes 2 (n015),Гегецубури (рецепт),Gegetsuburi (Recipe),,,,1500,,,,,,,,,,,,,,,,,,,"Повышение AllStat на 30,увеличение атаки на 90 ед., каждая атака дополнительно наносит 80 ед. чистого урона, пробивающий резисты, но не щиты. |   | Passive: ""Оглушающий удар""  |  | Active: Бросок шара летящего в направлении до первого врага в радиусе 150 либо дальности 1500,нанося урон авто-атака х1.5 в области 300 и оглушение 1.5 сек. | CD: 20 сек |  | Требуется:Меч Анбу,Шапка Мадао,Медаль Храбрости,Рецепт.","Increases AllStat by 30, AD by 90, each attack additionally deals 80 pure damage (pierces resists but not shields). | Passive: ""Stunning Blow"" | Active: Throws a projectile toward the first enemy in radius 150 or range 1500, dealing autoattack x1.5 in area 300 and stunning for 1.5 sec. | CD: 20 sec. | Requires: ANBU Sword, Madao Hat, Medallion of Courage, Recipe.",,Gegetsuburi [Weapon] (I050)
I050,Weapons (n00F),Гегецубури |r|c00FF5555Weapon|r,Gegetsuburi [Weapon],,,,5000,,,,30,90,,,,,,,,,,,25,100,Active CD=25s mana=100 (AI33); +30 AllStat (A06P); +60 DMG (A05Z); +30 DMG (A36M),"Повышение AllStat на 30, увеличение атаки на 90 ед., каждая атака дополнительно наносит 80 ед. чистого урона, пробивающий резисты, но не щиты. |   | Passive: ""Оглушающий удар"" - 20% шанс оглушить на 1 сек. (0.2, если активен Imagine Breaker), CD: 2 сек. |  | Active: Бросок шара летящего в направлении до первого врага в радиусе 150 либо дальности 1500,нанося урон авто-атака х1.5 в области 300 и оглушение 1.5 сек. | CD: 25 сек","Increases AllStat by 30, AD by 90, each attack additionally deals 80 pure damage (pierces resists but not shields). | Passive: ""Stunning Blow"" - 20% chance to stun for 1 sec (0.2 sec if Imagine Breaker active), CD: 2 sec. | Active: Throws a projectile toward the first enemy in radius 150 or range 1500, dealing autoattack x1.5 in area 300 and stunning for 1.5 sec. | CD: 25 sec.",Madao Hat (I033) + ANBU Sword (I03B) + Medallion of Courage (I01M) + Gegetsuburi (Recipe) (I051),
I053,Recipes 2 (n015),Коса смерти (рецепт),Death Scythe (Recipe),,,,1400,,,,,,,,,,,,,,,,,,,"Повышение AGI на 60 ед., HP на 500,MP на 500, атаки на 125 ед. ""Размашистые удары"" - 120% сплеша в радиусе 600. |  | Перезарядка: 25 сек. |  | Active: ""Охота на кишина""  | Требуется:Меч Анбу,Меч Ранга B, Рецепт.","Increases AGI by 60, HP by 500, MP by 500, AD by 125. ""Sweeping Strikes"" - 120% splash in radius 600. | Cooldown: 25 sec. | Active: ""Kishin Hunt"" | Requires: ANBU Sword, Sword Rank B, Recipe.",,Death Scythe [Weapon] (ISDi)
ISDi,Weapons (n00F),Коса Смерти |r|c00FF5555Weapon|r,Death Scythe [Weapon],,,,5000,,60,,,125,,,,500,500,,,,,,25,200,Active CD=25s mana=200 (A0OM); Spellbook: [+125 DMG (A06O); +500 Max HP (A0S9); +60 AGI (A0OK)] (AH1M); +500 Max MP (A186),"Повышение AGI на 60 ед., HP на 500,MP на 500, атаки на 125 ед. ""Размашистые удары"" - 120% сплеша в радиусе 600. |  | Active: ""Охота на кишина"" - волна энергии с дальностью 1500,областью: 260, оглушающая на 2 сек. противников и наносящая 5*AGI урона | С 35 уровня урон +2*AGI. |  | Перезарядка: 25 сек.","Increases AGI by 60, HP by 500, MP by 500, AD by 125. ""Sweeping Strikes"" - 120% splash in radius 600. | Active: ""Kishin Hunt"" - energy wave with range 1500, area 260, stunning enemies for 2 sec and dealing 5*AGI damage. | From level 35 damage +2*AGI. | Cooldown: 25 sec.","ANBU Sword (I03B) + Sword, Rank B (I01I) + Death Scythe (Recipe) (I053)",
I01H,Base Items (n004),"Меч, Ранг D","Sword, Rank D",,,,600,,,,6,20,,,,,,,,,,,,,+20 DMG (A099); +6 AllStat (A0VK),Повышение силы атаки на 20 ед. и характеристик на 6 ед.,Increases AD by 20 and stats by 6.,,"Sword, Rank C (I01J) , Sode no Shirayuki Weapon (ISHk)"
I01R,Recipes (n005),Сюсуй (рецепт),Shusui (Recipe),,,,750,,,,,,,,,,,,,,,,,,,"Повышение силы атаки на 100 ед., AllStat на 30, шанс 25% нанести 2х урон. Passive: ""Смертельная волна"" - 20% шанс нанести 3*AGI урон. | Раз в 3 сек 100% шанс на ""Смертельная волна"" | Active: ""Быстрые Удары"" - перемещается к противнику, нанося 3+2 за каждый предмет класса Weapon ударов. Недоступно до 6 уровня. | Перезарядка: 15 сек. |  | Требуется: Сандай Китетсу, Рецепт.","Increases AD by 100, AllStat by 30, 25% chance to deal 2x damage. Passive: ""Deadly Wave"" - 20% chance to deal 3*AGI damage. | Every 3 sec 100% chance for ""Deadly Wave"". | Active: ""Quick Strikes"" - dashes to enemy, dealing 3+2 per Weapon class item hits. Unavailable until level 6. | Cooldown: 15 sec. | Requires: Sandai Kitetsu, Recipe.",,Shusui [Weapon] (I01Q)
I01P,Recipes (n005),Сандай Китетсу (рецепт),Sandai Kitetsu (Recipe),,,,1000,,,,,,,,,,,,,,,,,,,"Повышение силы атаки на 80 ед., AllStat на 25 ед., Passive: ""Смертельный удар"" - 20% шанс нанести 2х урон. |  | Перезарядка: 15 сек. |  | Требуется: Закаленный меч, Рецепт.","Increases AD by 80, AllStat by 25. Passive: ""Critical Strike"" - 20% chance to deal 2x damage. | Cooldown: 15 sec. | Requires: Tempered Sword, Recipe.",,Sandai Kitetsu [Weapon] (I01O)
I01J,,"Меч, Ранг C","Sword, Rank C",,,,1350,,,,12,40,,,,,,,,,1.5,,,,+40 DMG (A25Y); +12 AllStat (A0VL); Crit x1.5 (A0VO),"Повышение силы атаки на 40 ед. и характеристик на 12 ед., Passive: ""Смертельный удар"" - шанс 15% нанести 1.5х урон","Increases AD by 40 and stats by 12. Passive: ""Critical Strike"" - 15% chance to deal 1.5x damage.","Sword, Rank D (I01H) + Upgrade Item (I00E)","Sword, Rank B (I01I)"
I01I,,"Меч, Ранг B","Sword, Rank B",,,,2100,,,,18,60,,,,,,,,,1.8,,,,+60 DMG (A05Z); +18 AllStat (A0VM); Crit x1.75 (A0VP),"Повышение силы атаки на 60 ед. и характеристик на 18 ед., Passive: ""Смертельный удар"" - шанс 15% нанести 1.75х урон","Increases AD by 60 and stats by 18. Passive: ""Critical Strike"" - 15% chance to deal 1.75x damage.","Sword, Rank C (I01J) + Upgrade Item (I00E)","Sword, Rank A (I01K) , Captain Set (I042) , Death Scythe [Weapon] (ISDi)"
I01K,,"Меч, Ранг A","Sword, Rank A",,,,2850,,,,24,80,,,,,,,,,2,,,,+24 AllStat (A0VN); +80 DMG (A26M); Crit x2 (A06L),"Повышение силы атаки на 80 ед. и характеристик на 24 ед., Passive: ""Смертельный удар"" - шанс 15% нанести 2х урон","Increases AD by 80 and stats by 24. Passive: ""Critical Strike"" - 15% chance to deal 2x damage.","Sword, Rank B (I01I) + Upgrade Item (I00E)","Tempered Sword [Weapon] (I01L) , Imagine Breaker (I04V)"
I01L,,Закаленный Меч |r|c00FF5555Weapon|r,Tempered Sword [Weapon],,,,3600,,,,24,80,,,,,,,,,2,,25,140,Active CD=25s mana=140 (A0VQ); +24 AllStat (A0VN); +80 DMG (A26M); Crit x2 (A06L),"Повышение силы атаки на 80 ед. и характеристик на 24 ед., Passive: ""Смертельный удар"" - шанс 15% нанести 2х урон.  |  | Active: ""Быстрые Удары"" - перемещается к противнику, нанося удар и активируя пассивную способность Сюсуя, Фэнга и Тёмного Экскалибура (если не в перезарядке) при их наличии. Недоступно до 6 уровня. |  | Перезарядка: 4 сек.","Increases AD by 80 and stats by 24. Passive: ""Critical Strike"" - 15% chance to deal 2x damage. | Active: ""Quick Strikes"" - dashes to enemy, striking and activating passives of Shusui, Feng and Dark Excalibur (if not on cooldown). Unavailable until level 6.","Sword, Rank A (I01K) + Upgrade Item (I00E)","Sandai Kitetsu [Weapon] (I01O) , Yamato [Weapon] (I02V) , Patriot [Weapon] (I031)"
I01O,Weapons (n00F),Сандай Китетсу |r|c00FF5555Weapon|r,Sandai Kitetsu [Weapon],,,,4450,,,,25,80,,,,,,,,,2,,15,100,Active CD=15s mana=100 (A06J); Crit x2 (A06N); +80 DMG (A26M); +25 AllStat (A060),"Повышение силы атаки на 80 ед., AllStat на 25 ед., Passive: ""Смертельный удар"" - 20% шанс нанести 2х урон. |  | Active: ""Быстрые Удары"" - перемещается к противнику, нанося 3+2 за каждый предмет класса Weapon ударов. Недоступно до 6 уровня. |  | CD: 15 сек.","Increases AD by 80, AllStat by 25. Passive: ""Critical Strike"" - 20% chance to deal 2x damage. | Active: ""Quick Strikes"" - dashes to enemy, dealing 3+2 per Weapon class item hits. Unavailable until level 6. | CD: 15 sec.",Tempered Sword [Weapon] (I01L) + Sandai Kitetsu (Recipe) (I01P),"Shusui [Weapon] (I01Q) , Dark Excalibur [Weapon] (I01S) , Feng [Weapon] (I01U) , Excalibur [Weapon] (I04F) , Samehada (Bleeding) [Weapon] (I03O)"
I01Q,Weapons (n00F),Сюсуй |r|c00FF5555Weapon|r,Shusui [Weapon],,,,5300,,,,30,100,,,,,,,,,2,,15,100,Active CD=15s mana=100 (A06J); +100 DMG (A06M); +30 AllStat (A06P); Crit x2 (A06N),"AD: 100 ед., AllStat 30, 20% нанести 2х урон | Passive: ""Смертельная волна"" - 25% нанести 3*AGI урон вокруг цели. | Раз в 3 сек 100% шанс на ""Смертельная волна"" | Active: ""Быстрые Удары"" - перемещается к противнику, нанося 3+2 за каждый предмет класса Weapon ударов. Недоступно до 6 уровня. | CD: 15 сек.","AD: 100, AllStat 30, 20% to deal 2x damage. | Passive: ""Deadly Wave"" - 25% to deal 3*AGI damage around target. | Every 3 sec 100% chance for ""Deadly Wave"". | Active: ""Quick Strikes"" - dashes to enemy, dealing 3+2 per Weapon class item hits. Unavailable until level 6. | CD: 15 sec.",Sandai Kitetsu [Weapon] (I01O) + Shusui (Recipe) (I01R),
I01T,Recipes (n005),Темный Экскалибур (рецепт),Dark Excalibur (Recipe),,,,750,,,,,,,,,,,,,,,,,,,"Повышение силы атаки на 125 ед.,STR на 40 ед., AGI на 20 ед, шанс 30% нанести 2х урон, Passive: ""Жажда крови"" - 30% шанс получить 150% AS и 60% вампиризм на 3 сек. Перезарядка 4 сек. |  | Перезарядка: 25 сек. |  | Требуется: Сандай Китетсу, Рецепт.","Increases AD by 125, STR by 40, AGI by 20, 30% chance to deal 2x damage. Passive: ""Bloodlust"" - 30% chance to gain 150% AS and 60% lifesteal for 3 sec. Cooldown 4 sec. | Cooldown: 25 sec. | Requires: Sandai Kitetsu, Recipe.",,Dark Excalibur [Weapon] (I01S)
I01S,Weapons (n00F),Темный Экскалибур |r|c00FF5555Weapon|r,Dark Excalibur [Weapon],,,,5300,40,20,,,125,,,,,,,,,2,,25,140,"Active CD=25s mana=140 (A0VQ); +40 STR, +20 AGI (A14K); Crit x2 (AIde); +125 DMG (A06O)","AD: 125 ед., STR 40 ед., AGI 20 ед, 30% нанести 2х урон. Passive: ""Жажда крови"" - 30%:  +150% AS и +60% вампиризм на 3 сек. Перезарядка 4 сек. |  | Active: ""Быстрые Удары"" - перемещается к противнику, нанося 2+2 за каждый предмет класса Weapon ударов. Недоступно до 6 уровня. | CD: 25 сек.","AD: 125, STR 40, AGI 20, 30% to deal 2x damage. | Passive: ""Bloodlust"" - 30%: +150% AS and +60% lifesteal for 3 sec. Cooldown 4 sec. | Active: ""Quick Strikes"" - dashes to enemy, dealing 2+2 per Weapon class item hits. Unavailable until level 6. | CD: 25 sec.",Sandai Kitetsu [Weapon] (I01O) + Dark Excalibur (Recipe) (I01T),
I01V,Recipes (n005),Фэнг (рецепт),Feng (Recipe),,,,750,,,,,,,,,,,,,,,,,,,"Повышение силы атаки на 100 ед., AllStat на 30, шанс 20% нанести 2x урон, Passive: ""Токсичный яд"" - 25% шанс отравить противника мощным ядом, наносящим 3*INT в течении 3 сек и замедляя MS на 50% в течении 1 сек. | Раз в 3 сек 100% шанс на ""Токсичный яд"" | Active: ""Быстрые Удары"" - перемещается к противнику, нанося 3+2 за каждый предмет класса Weapon ударов. Недоступно до 6 уровня. | Перезарядка: 15 сек. |  | Требуется: Сандай Китетсу, Рецепт.","Increases AD by 100, AllStat by 30, 20% chance to deal 2x damage. Passive: ""Toxic Poison"" - 25% chance to poison enemy, dealing 3*INT over 3 sec and slowing MS by 50% for 1 sec. | Every 3 sec 100% chance for ""Toxic Poison"". | Active: ""Quick Strikes"" - dashes to enemy, dealing 3+2 per Weapon class item hits. Unavailable until level 6. | Cooldown: 15 sec. | Requires: Sandai Kitetsu, Recipe.",,Feng [Weapon] (I01U)
I01U,Weapons (n00F),Фэнг |r|c00FF5555Weapon|r,Feng [Weapon],,,,5300,,,,30,100,,,,,,,,,2,,15,100,Active CD=15s mana=100 (A06J); +100 DMG (A06M); +30 AllStat (A06P); Crit x2 (A06N),"AD: 100 ед., AllStat 30, 20% нанести 2х урон | Passive: ""Токсичный яд"" - 25% Poison, 3*INT 3 сек и MS: -50% в течении 1 сек. | Раз в 3 сек 100% шанс на ""Токсичный яд"" | Active: ""Быстрые Удары"" - перемещается к противнику, нанося 3+2 за каждый предмет класса Weapon ударов. Недоступно до 6 уровня. | CD: 15 сек.","AD: 100, AllStat 30, 20% to deal 2x damage. | Passive: ""Toxic Poison"" - 25% Poison, 3*INT over 3 sec and MS: -50% for 1 sec. | Every 3 sec 100% chance for ""Toxic Poison"". | Active: ""Quick Strikes"" - dashes to enemy, dealing 3+2 per Weapon class item hits. Unavailable until level 6. | CD: 15 sec.",Sandai Kitetsu [Weapon] (I01O) + Feng (Recipe) (I01V),
I03N,Weapons (n00F),Самехада (Manaburn) |r|c00FF5555Weapon|r,Samehada (Manaburn) [Weapon],,,,5500,35,,35,,125,,,50,,,,,,,,,50,"Active mana=50 (A0UG); +50% AS (A0LJ); +35 STR, +35 INT (A0UF); +125 DMG (A06O)","Повышение STR и INT  на 35 ед., атаки на 125 ед., повышение AS на 50%. Переключение между режимами: 1) Каждая атака выжигает 8% текущего MP, восстанавливая 1.5х Количество выжженной MP в виде HP. 2) Каждая атака наносит 150+25% от автоатаки в виде чистого урона.","Increases STR and INT by 35, AD by 125, AS by 50%. Toggle between modes: 1) Each attack burns 8% current MP, restoring 1.5x burnt MP as HP. 2) Each attack deals 150+25% of autoattack as pure damage.",,
I04X,Recipes 2 (n015),Экскалибур (рецепт),Excalibur (Recipe),,,,1050,,,,,,,,,,,,,,,,,,,"AllStat на 30, атаки на 125 ед., при каждой атаке восстанавливает 20% от нанесенного урона (только для ближнего боя)  |  | Active: ""Раскол брони""  |  | Перезарядка: 20 сек. |  | Требуется:Сандай Китетсу, Рецепт.","AllStat by 30, AD by 125, each attack restores 20% of dealt damage. | Active: ""Armor Break"" | Cooldown: 20 sec. | Requires: Sandai Kitetsu, Recipe.",,Excalibur [Weapon] (I04F)
I04F,Weapons (n00F),Экскалибур |r|c00FF5555Weapon|r,Excalibur [Weapon],,,,5500,,,,30,125,,,,,,,,20,,,20,100,Hex (A14T); +125 DMG (A06O); +20% Lifesteal (AI09); +30 AllStat (A06P),"Увеличивает AllStat на 30, атаки на 125 ед., при каждой атаке восстанавливает 20% от нанесенного урона  | С каждой атакой понижает броню на 3 ед на 10 сек. |  | Active: ""Раскол брони"" - снижает броню всех врагов на 30 ед. в течении 10 сек.  в радиусе 600 ед. |  | CDR: 20 сек.","Increases AllStat by 30, AD by 125, each attack restores 20% of dealt damage. | Each attack reduces enemy armor by 3 for 10 sec. | Active: ""Armor Break"" - reduces armor of all enemies by 30 for 10 sec in radius 600. | CD: 20 sec.",Sandai Kitetsu [Weapon] (I01O) + Excalibur (Recipe) (I04X),
I02U,Recipes (n005),Ямато (рецепт),Yamato (Recipe),,,,300,,,,,,,,,,,,,,,,,,,"Повышение силы атаки на 125 ед., AGI на 60 ед., HP на 500. Passive: ""Кромсание"" - Каждый удар запрещает противнику восстанавливать HP в течении 1 сек. 15% шанс при атаке нанести критический 3х урон. | Active: ""Рассечение"" -  Следующая атака имеет 100% шанс на ""Кромсание"". |  | Перезарядка: 10 сек. |  | Требуется: Закаленный меч, Сфера ветра, Рецепт.","Increases AD by 125, AGI by 60, HP by 500. Passive: ""Mangle"" - each hit prevents enemy from restoring HP for 1 sec. 15% chance on attack to deal 3x critical damage. | Active: ""Slash"" - next attack has 100% chance for ""Mangle"". | Cooldown: 10 sec. | Requires: Tempered Sword, Wind Sphere, Recipe.",,Yamato [Weapon] (I02V)
I02T,Ultimate Items (n00E),Сфера Ветра,Wind Sphere,,,,1700,,25,,,30,,,30,,,,,,,,20,50,Active: AoE Stun CD=20s mana=50 (A0X0); +25 AGI (A04E); +30 DMG (A05U); +30% AS (A05B),"Увеличивает AGI героя на 25 ед., AS на 30%, атаку на 30. Способность: ""Ускорение"" - увеличение MS на 60%, на 7 сек., активные способности прерывают эффект. |  | Перезарядка: 20 сек.","Increases hero AGI by 25, AS by 30%, AD by 30. Ability: ""Acceleration"" - increases MS by 60% for 7 sec, active abilities cancel the effect. | Cooldown: 20 sec.",,"Yamato [Weapon] (I02V) , Seal of Elements (I044) , Hurricane Boots (I046) , Alastor (I03A) , Captain Set (I042) , Staff of the West Wind (I04G)"
I02V,Weapons (n00F),Ямато |r|c00FF5555Weapon|r,Yamato [Weapon],,,,5600,,60,,,125,,,,500,,,,,,,10,120,Active CD=10s mana=120 (A0HO); +125 DMG (A06O); +60 AGI (A0XE); +500 Max HP (A0S9),"Повышение силы атаки на 125 ед., AGI на 60 ед., HP на 500. Passive: ""Кромсание"" - Каждый удар запрещает противнику восстанавливать HP в течении 1 сек. 15% шанс при атаке нанести критический 3х урон. | Active: ""Рассечение"" -  Следующая атака имеет 100% шанс на ""Кромсание"". |  | Перезарядка: 10 сек.","Increases AD by 125, AGI by 60, HP by 500. Passive: ""Mangle"" - each hit prevents enemy from restoring HP for 1 sec. 15% chance on attack to deal 3x critical damage. | Active: ""Slash"" - next attack has 100% chance for ""Mangle"". | Cooldown: 10 sec.",Tempered Sword [Weapon] (I01L) + Wind Sphere (I02T) + Yamato (Recipe) (I02U),
I04U,Recipes 2 (n015),Комплект Капитана (рецепт),Captain Set (Recipe),,,,700,,,,,,,,,,,,,,,,,,,"Повышение AllStat на 30 ед., HP Regen на 20 ед., DEF на 5. | Дальность: 850 |  | Перезарядка: 20 сек. |  | Требуется: Сборка: Сфера Ветра(1700) + Меч Ранга B(2100) + Рецепт(700).","Increases AllStat by 30, HP Regen by 20, DEF by 5. | Range: 850. | Cooldown: 20 sec. | Requires: Wind Sphere (1700) + Sword Rank B (2100) + Recipe (700).",,Captain Set (I042)
I042,Ultimate Items 2 (n00A),Комплект Капитана,Captain Set,,,,4500,,,,30,,5,,,,,20,,,,,20,250,Active CD=20s mana=250 (A0HJ); +30 AllStat (A06P); +20 HP/s regen (A03V); +5 DEF (A05G),"Повышение AllStat на 30 ед., HP Regen на 20 ед., DEF на 5. |  | Активная способность: ""Скачок"" - телепортация на небольшое расстояние, после перемещения вы будете ускорены на 25% на 4 сек. Не работает со стандартным скачком. Недоступно до 6 уровня. | Дальность: 850 | CDR: 20 сек.","Increases AllStat by 30, HP Regen by 20, DEF by 5. | Active ability: ""Leap"" - short-range teleport, after moving you are hasted by 25% for 4 sec. Does not work with default blink. Unavailable until level 6. | Range: 850. | CD: 20 sec.","Wind Sphere (I02T) + Sword, Rank B (I01I) + Captain Set (Recipe) (I04U)",
I03G,,Перчатки Вонголы Уровень 1,Vongola Gloves Lv.1,,,,1050,,,,10,,,,45,,,,,,,,,,+45% AS (A0EG); +10 AllStat (A10P),"Увеличение AS героя на 45%, AllStat на 10 ед.","Increases hero AS by 45%, AllStat by 10.",Vongola Gloves (I008) + Upgrade Item (I00E),Vongola Gloves Lv.2 (I03H)
I03H,,Перчатки Вонголы Уровень 2,Vongola Gloves Lv.2,,,,1800,,,,15,,,,90,,,,,,,,,,+90% AS (A0EK); +15 AllStat (JNF5),"Увеличение AS героя на 75%, AllStat на 15 ед.","Increases hero AS by 90%, AllStat by 15. | Note: the Russian in-game tooltip still says 75%, while the ability (A0EK) grants 90%.",Vongola Gloves Lv.1 (I03G) + Upgrade Item (I00E),Vongola Gloves Lv.3 (I03I)
I03I,,Перчатки Вонголы Уровень 3,Vongola Gloves Lv.3,,,,2550,,,,20,,,,105,,,,,,,,,,+105% AS (A0TU); +20 AllStat (A0EO),"Увеличение AS героя на 105%, AllStat на 20 ед.","Increases hero AS by 105%, AllStat by 20.",Vongola Gloves Lv.2 (I03H) + Upgrade Item (I00E),"Vongola Gloves Lv.4 (I03J) , Imagine Breaker (I04V)"
I03J,,Перчатки Вонголы Уровень 4,Vongola Gloves Lv.4,,,,3300,,,,25,,,,135,,,,,,,,,,+135% AS (A0TV); +25 AllStat (WE09),"Увеличение AS героя на 135%, AllStat на 25 ед.","Increases hero AS by 135%, AllStat by 25.",Vongola Gloves Lv.3 (I03I) + Upgrade Item (I00E),Vongola Gloves Lv.5 (I03K)
I03K,,Перчатки Вонголы Уровень 5,Vongola Gloves Lv.5,,,,4050,,,,30,,,,175,,,,,,,,,,+175% AS (A0TW); +30 AllStat (AMDb),"Увеличение AS героя на 175%, AllStat на 30 ед.","Increases hero AS by 175%, AllStat by 30.",Vongola Gloves Lv.4 (I03J) + Upgrade Item (I00E),"Vongola X Gloves (I03L) , Wind Hole (I130)"
I03L,Ultimate Items 2 (n00A),Перчатки Вонголы Ver. X,Vongola X Gloves,,,,4800,,,,35,,,,175,,,,,,,,25,50,Active CD=25s mana=50 (A0TZ); +175% AS (A0TW); +35 AllStat (A0LD),"Увеличение AS героя на 175%, AllStat на 35 |  | Active: ""Burning Axel"" - бросок огненного шара, который взрывается, при попадании в первого попавшегося врага, наносящего AllStat*2 и оглушая на 0.2 сек в области 500 AoE. Дополнительно, герой начинает наносить на 15% больше урона в течении 6 секунд. |  | Перезарядка: 25 сек.","Increases hero AS by 175%, AllStat by 35. | Active: ""Burning Axel"" - throws a fireball that explodes on hitting the first enemy, dealing AllStat*2 and stunning for 0.2 sec in 500 AoE. Additionally, the hero deals 15% more damage for 6 sec. | Cooldown: 25 sec.",Vongola Gloves Lv.5 (I03K) + Upgrade Item (I00E),
I03E,Ultimate Sets (n00B),Туфли Анбу,ANBU Shoes,,,,1000,,,,,,10,,,,,,,,,50,,,+10 DEF (A0TQ); 50% Evasion (JASS) (A0TP),"Дает шанс 35% уклониться от удара, при активации, увеличивает скорость бега до максимума на 4 сек. |  | CD: 15 сек.","Gives 35% chance to dodge attacks, on activation increases MS to maximum for 4 sec. | CD: 15 sec.",,"ANBU Set (I03F) , Escape Boots (I102)"
I03C,Ultimate Sets (n00B),Жилет Анбу,ANBU Vest,,,,1200,,,,,,,,,600,,,,,,,,,+600 Max HP (A1S9),"Повышение запаса HP на 500 ед., каждая физическая атака по владельцу будет восстанавливать 35 ед. HP, эффект не суммируется.","Increases Max HP by 600, each physical attack against the owner restores 35 HP, effect does not stack. | Note: the Russian in-game tooltip still says 500, while the ability (A1S9) grants 600.",,ANBU Set (I03F)
I03D,Ultimate Sets (n00B),Маска Анбу,ANBU Mask,,,,1200,10,15,,,,,,,,500,,,,,,,,+500 Max MP (A186); +10 STR (A03P); +15 AGI (A04C),"Повышение запаса MP на 500 ед., повышение AGI на 15 ед. STR на 10 ед.","Increases Max MP by 500, AGI by 15, STR by 10.",,ANBU Set (I03F)
I03B,Ultimate Sets (n00B),Меч Анбу,ANBU Sword,,,,1500,,,,,,,,30,,,,,,,,,,+30% AS (A05B),"Повышение AS на 30%, каждая атака дополнительно наносит 55 ед. чистого урона, пробивающий резисты, но не щиты, эффект не суммируется.","Increases AS by 30%, each attack additionally deals 55 pure damage (pierces resists but not shields), effect does not stack.",,"ANBU Set (I03F) , Gegetsuburi [Weapon] (I050) , Death Scythe [Weapon] (ISDi)"
I03F,Ultimate Items 2 (n00A),Комплект Анбу,ANBU Set,,,,4900,10,45,,,,10,,,500,500,,,,,50,,,"+10 DEF (AI37); +500 Max MP (A186); +10 STR, +45 AGI (A0TR); Spellbook: [+500 Max HP (A0S9); 50% Evasion (JASS) (A0TP)] (Ao8Q)","Дает шанс 35% уклониться от удара, каждая физическая атака по вам будет восстанавливать вам 50 ед. HP, повышение запаса MP и HP на 500 ед., повышение AGI на 35 ед., STR на 10 ед. |  • Техника Замещения Тела - при получении смертельного урона ваш персонаж использует технику замены и восстанавливает 15% HP. Стоимость: 25% MP.(не снимает эффекты Юкирин,Эссенции) Перезарядка: 50 сек. | При активации: увеличивает скорость бега до максимума на 4 сек и невидимость на 2 сек. |  | CD: 25 сек.","35% dodge chance, each physical attack against you restores 50 HP, +500 Max MP and HP, +35 AGI, +10 STR. | Body Replacement Technique - on lethal damage the hero uses replacement and restores 15% HP. Cost: 25% MP (does not remove Yukirin/Essence effects). Cooldown: 50 sec. | On activation: MS to maximum for 4 sec and invisibility for 2 sec. | CD: 25 sec.",ANBU Mask (I03D) + ANBU Shoes (I03E) + ANBU Sword (I03B) + ANBU Vest (I03C),
I120,Recipes 4 (n108),Башосен (рецепт),Bashosen (Recipe),,,,250,,,,,,,,,,,,,,,,,,,"Повышение INT на 60 ед., увеличение запаса MP на 1000 ед, увеличение запаса HP на 500 ед. |  | Active: ""Взмах веером"" - создает воздушную волну, которая наносит 5*INT+(с 35 уровня:+ 10% от MAX MP) урон и отталкивает противников и замедляет на 60% в течении 3 сек. |  | Перезарядка: 25 сек. |  | Требуется: Настоящее Кольцо Тумана Вонголы(4750)+Рецепт(250).","Increases INT by 60, Max MP by 1000, Max HP by 500. | Active: ""Fan Swing"" - creates an air wave dealing 5*INT + (from level 35: +10% of Max MP) damage and knocking back enemies, slowing by 60% for 3 sec. | Cooldown: 25 sec. | Requires: True Vongola Mist Ring (4750) + Recipe (250).",,Bashosen (I037)
I00F,Half Vongola Rings (n003),"Кольцо Тумана, Ранг D","Mist Ring, Rank D",Vongola Ring,Mist,D,1000,5,,10,,,,,,,,,,,,,,,+10 INT (A042); +5 STR (A041),Повышение INT на 10 ед. и STR на 5 ед.,Increases INT by 10 and STR by 5.,,"Mist Ring, Rank C (I00G)"
I00G,,"Кольцо Тумана, Ранг С","Mist Ring, Rank C",Vongola Ring,Mist,C,1750,10,,15,,,,,,,,,,,,,,,+15 INT (A043); +10 STR (A03P),Повышение INT на 15 ед. и STR на 10 ед.,Increases INT by 15 and STR by 10.,"Mist Ring, Rank D (I00F) + Upgrade Item (I00E)","Mist Ring, Rank B (I00H)"
I00H,,"Кольцо Тумана, Ранг B","Mist Ring, Rank B",Vongola Ring,Mist,B,2500,15,,20,,,,,,,,,,,,,,,+20 INT (A044); +15 STR (A03R),Повышение INT на 20 ед. и STR на 15 ед.,Increases INT by 20 and STR by 15.,"Mist Ring, Rank C (I00G) + Upgrade Item (I00E)","Mist Ring, Rank A (I00I)"
I00I,,"Кольцо Тумана, Ранг A","Mist Ring, Rank A",Vongola Ring,Mist,A,3250,20,,25,,,,,,,,,,,,,,,+25 INT (A045); +20 STR (A03T),Повышение INT на 25 ед. и STR на 20 ед.,Increases INT by 25 and STR by 20.,"Mist Ring, Rank B (I00H) + Upgrade Item (I00E)",Vongola Mist Ring (I00J)
I00J,,Кольцо Тумана Вонголы,Vongola Mist Ring,Vongola Ring,Mist,S,4000,25,,30,,,,,,,,,,,,,,,+30 INT (A046); +25 STR (A03W),Повышение INT на 30 ед. и STR на 25 ед.,Increases INT by 30 and STR by 25.,"Mist Ring, Rank A (I00I) + Upgrade Item (I00E)",True Vongola Mist Ring (I00K)
I00K,Hight-level Vongola Rings and Done items (n00C),Настоящее Кольцо Тумана Вонголы,True Vongola Mist Ring,Vongola Ring,Mist,Full,4750,30,,45,,,,,,,,,,,,,30,50,Active: AoE Stun CD=30s mana=50 (A049); +45 INT (A0QV); +30 STR (A03X),"Повышение INT на 45 ед. и STR на 30 ед. |  | Active: ""Иллюзионный мир"" - делает вас невидимым на 10 сек., также пока на вас висит баф, вы получаете на 40% меньше урона. |  | CD: 30 сек.","Increases INT by 45 and STR by 30. | Active: ""Illusionary World"" - makes you invisible for 10 sec, also while the buff is active you take 40% less damage. | CD: 30 sec.",Vongola Mist Ring (I00J) + Upgrade Item (I00E),Bashosen (I037)
I037,Ultimate Items 2 (n00A),Башосен,Bashosen,,,,5000,,,60,,,,,,500,1000,,,,,,25,250,Active CD=25s mana=250 (A0OJ); Spellbook: [+1000 Max MP (A0ON); +60 INT (A0OH); Slow Aura (A13Q); +500 Max HP (A0S9)] (AI38),"Повышение INT на 60 ед., увеличение запаса MP на 1000 ед, увеличение запаса HP на 500 ед. |  | Active: ""Взмах веером"" - создает воздушную волну, которая наносит 5*INT+(с 35 уровня:+ 10% от MAX MP) урон и отталкивает противников и замедляет на 60% в течении 3 сек. |  | Перезарядка: 25 сек.","Increases INT by 60, Max MP by 1000, Max HP by 500. | Active: ""Fan Swing"" - creates an air wave dealing 5*INT + (from level 35: +10% of Max MP) damage and knocking back enemies, slowing by 60% for 3 sec. | Cooldown: 25 sec.",True Vongola Mist Ring (I00K) + Bashosen (Recipe) (I120),
I119,Recipes 4 (n108),Гунгнир (рецепт),Gungnir (Recipe),,,,250,,,,,,,,,,,,,,,,,,,"Повышение STR на 50 ед,MP: +500. |  | ""Бросок"" -  бросок копья, наносящего 5*STR чистого, неблокируемого урона. | Дальность: 900. | CD: 30 сек. |  | Требуется: Настоящее Кольцо Солнца Вонголы(4750)+Рецепт(250).","Increases STR by 50, MP +500. | ""Throw"" - throws a spear dealing 5*STR pure unblockable damage. | Range: 900. | CD: 30 sec. | Requires: True Vongola Sun Ring (4750) + Recipe (250).",,Gungnir (I048)
I007,Half Vongola Rings (n003),"Кольцо Солнца, Ранг D","Sun Ring, Rank D",Vongola Ring,Sun,D,1000,10,,,,,,,,,,10,,,,,,,+10 STR (A03P); +10 HP/s regen (A03S),Повышение STR на 10 ед. и HP Regen на 10 ед.,Increases STR by 10 and HP Regen by 10.,,"Sun Ring, Rank C (I009)"
I009,,"Кольцо Солнца, Ранг С","Sun Ring, Rank C",Vongola Ring,Sun,C,1750,15,,,,,,,,,,15,,,,,,,+15 STR (A03R); +15 HP/s regen (A03U),Повышение STR на 15 ед. и HP Regen на 15 ед.,Increases STR by 15 and HP Regen by 15.,"Sun Ring, Rank D (I007) + Upgrade Item (I00E)","Sun Ring, Rank B (I00A)"
I00A,,"Кольцо Солнца, Ранг В","Sun Ring, Rank B",Vongola Ring,Sun,B,2500,20,,,,,,,,,,20,,,,,,,+20 STR (A03T); +20 HP/s regen (A03V),Повышение STR на 20 ед. и HP Regen на 20 ед.,Increases STR by 20 and HP Regen by 20.,"Sun Ring, Rank C (I009) + Upgrade Item (I00E)","Sun Ring, Rank A (I00B)"
I00B,,"Кольцо Солнца, Ранг А","Sun Ring, Rank A",Vongola Ring,Sun,A,3250,25,,,,,,,,,,25,,,,,,,+25 STR (A03W); +25 HP/s regen (A03Y),Повышение STR на 25 ед. и HP Regen на 25 ед.,Increases STR by 25 and HP Regen by 25.,"Sun Ring, Rank B (I00A) + Upgrade Item (I00E)",Vongola Sun Ring (I00C)
I00C,,Кольцо Солнца Вонголы,Vongola Sun Ring,Vongola Ring,Sun,S,4000,30,,,,,,,,,,35,,,,,,,+30 STR (A03X); +35 HP/s regen (A0ET),Повышение STR на 30 ед. и HP Regen на 35 ед.,Increases STR by 30 and HP Regen by 35.,"Sun Ring, Rank A (I00B) + Upgrade Item (I00E)",True Vongola Sun Ring (I00D)
I00D,Hight-level Vongola Rings and Done items (n00C),Настоящее Кольцо Солнца Вонголы,True Vongola Sun Ring,Vongola Ring,Sun,Full,4750,35,,,,,,,,,,35,,,,,30,50,Active: AoE Stun CD=30s mana=50 (A048); +35 STR (A14M); +35 HP/s regen (A0ET),"Повышение STR на 35 ед., HP Regen на 35 ед. и эффективность восстановления HP на 15%.  |  | Способность: ""Экстремальное восстановление"" - Мгновенно восстанавливает 20% от Max HP героя.  |  | CD: 30 сек.","Increases STR by 35, HP Regen by 35 and HP recovery efficiency by 15%. | Ability: ""Extreme Recovery"" - instantly restores 20% of hero's Max HP. | CD: 30 sec.",Vongola Sun Ring (I00C) + Upgrade Item (I00E),Gungnir (I048)
I048,Ultimate Items 2 (n00A),Гунгнир,Gungnir,,,,5000,50,,,,,,,,,500,,,,,,30,350,Active CD=30s mana=350 (A0XX); +50 STR (A03Z); +500 Max MP (A186),"Повышение STR на 50 ед,MP: +500. |  | ""Бросок"" -  бросок копья, наносящего 5*STR чистого, неблокируемого урона. | Дальность: 900. | CD: 30 сек.","Increases STR by 50, MP +500. | ""Throw"" - throws a spear dealing 5*STR pure unblockable damage. | Range: 900. | CD: 30 sec.",True Vongola Sun Ring (I00D) + Gungnir (Recipe) (I119),
I052,Recipes 2 (n015),Посох Западного Ветра (рецепт),Staff of the West Wind (Recipe),,,,550,,,,,,,,,,,,,,,,,,,"Увеличивает AllStat на 30. Активная способность: ""Западный Ветер"" - подбрасывает себя или врага на 2.5 сек. в воздух, делая его неуязвимым и игнорирующий весь урон кроме неблокируемого.(сбивает T инори даже при наличии ImagineBreaker). |  | Перезарядка: 20 сек. |  | Требуется:Посох Тьмы Ранга A, Сфера Ветра, Рецепт.","Increases AllStat by 30. Active ability: ""West Wind"" - tosses self or enemy into the air for 2.5 sec, making them invulnerable and ignoring all damage except unblockable (cancels Inori T even with Imagine Breaker). | Cooldown: 20 sec. | Requires: Staff of Darkness Rank A, Wind Sphere, Recipe.",,Staff of the West Wind (I04G)
I04G,Ultimate Items 2 (n00A),Посох Западного Ветра,Staff of the West Wind,,,,5000,,,,30,,,,,,,,,,,,20,150,Active CD=20s mana=150 (A0WJ); +30 AllStat (A06P),"Увеличивает AllStat на 30. Активная способность: ""Западный Ветер"" - подбрасывает себя или врага на 2.5 сек. в воздух, делая его неуязвимым и игнорирующий весь урон кроме неблокируемого.(сбивает T инори даже при наличии ImagineBreaker). | Дальность: 1000 | Перезарядка: 20 сек.","Increases AllStat by 30. Active ability: ""West Wind"" - tosses self or enemy into the air for 2.5 sec, making them invulnerable and ignoring all damage except unblockable (cancels Inori T even with Imagine Breaker). | Range: 1000. | Cooldown: 20 sec.","Staff of Darkness, Rank A (I01Z) + Wind Sphere (I02T) + Staff of the West Wind (Recipe) (I052)",
I045,Recipes (n005),Печать Стихий (рецепт),Seal of Elements (Recipe),,,,300,,,,,,,,,,,,,,,,,,,"Повышение AllStat на 40 ед., регенерации на 40 ед., DEF на 10 ед. |  | Active: ""Испепеляющий луч"" |  | CD: 12 сек. |  | Требуется: Сфера Огня, Сфера Льда, Сфера Ветра,Рецепт.","Increases AllStat by 40, regen by 40, DEF by 10. | Active: ""Scorching Ray"" | CD: 12 sec. | Requires: Fire Sphere, Ice Sphere, Wind Sphere, Recipe.",,Seal of Elements (I044)
I044,Ultimate Items 2 (n00A),Печать Стихий,Seal of Elements,,,,6000,,,,40,,10,,,,,40,,,,,12,200,Active CD=12s mana=200 (A0WN); +40 AllStat (A0Z8); +40 HP/s regen (A0LH); +10 DEF (A19J),"Повышение AllStat на 40 ед., регенерации на 40 ед., DEF на 10 ед. |  | Active: ""Испепеляющий луч"" - создает преломление света в указанной области, через 1.7 сек. в эту точку ударяет солечный луч и наносит 4*AllStat. | Если луч не по кому не попал - перезарядка уменьшается на 4 сек. |  | CD: 12 сек.","Increases AllStat by 40, regen by 40, DEF by 10. | Active: ""Scorching Ray"" - creates a light refraction in targeted area, after 1.7 sec a sun ray strikes dealing 4*AllStat. | If the ray hits nobody, cooldown is reduced by 4 sec. | CD: 12 sec.",Ice Sphere (I02S) + Orb of Fire (I02R) + Wind Sphere (I02T) + Seal of Elements (Recipe) (I045),
I02Z,Recipes (n005),Перчатки льда (рецепт),Ice Gloves (Recipe),,,,0,,,,,,,,,,,,,,,,,,,"Повышение DEF +15 ед., AS +50%, INT +35 ед, STR +15. |  | Active: ""Щит льда"" - DEF +10 ед., уменьшение получаемого урона на 0.2*Main Stat, 10% входящего урона конвертируется в MP. Длится 7 сек. |  | Перезарядка: 25 сек. |  | Требуется: Стильный Пиджак, Сфера льда, Рецепт.","Increases DEF by 15, AS by 50%, INT by 35, STR by 15. | Active: ""Ice Shield"" - DEF +10, reduces incoming damage by 0.2*Main Stat, 10% of incoming damage converts to MP. Lasts 7 sec. | Cooldown: 25 sec. | Requires: Stylish Jacket, Ice Sphere, Recipe.",,Ice Gloves (I02Y)
IOS2,Ultimate Sets 2 (n00U),Стильный пиджак,Stylish Jacket,,,,1200,,,,,,,,,500,,5,,,,,,,+500 Max HP (A0S9); +5 HP/s regen (A03Q),"Повышение HP на 500, Regen HP на 5. |  |  • [Слишком стильный] - при получении урона больше 35 , 10% конвертируется в MP. CD: 10 секунд.","Increases HP by 500, HP Regen by 5. | [Too Stylish] - on receiving damage over 35, 10% converts to MP. CD: 10 sec.",,"Ice Gloves (I02Y) , Onizuka Set (I1S4)"
I02S,Ultimate Items (n00E),Сфера Льда,Ice Sphere,,,,2000,,,25,,,,,,200,,,,,,,30,50,Active: AoE Stun CD=30s mana=50 (A0HL); +200 Max HP (A0SE); +25 INT (A045); Aura: -7 HP regen to enemies (radius 900) (A0ST),"Увеличивает INT героя на 25 ед.,  HP на 200 ед., ""Аура Холода"" - понижение HP regen всех врагов в радиусе 900 на 7 ед. Способность: ""Восстановление"" - мгновенно восстанавливает 20% MP. |  | CD: 30 сек.","Increases hero INT by 25, HP by 200. ""Cold Aura"" - reduces HP regen of all enemies in radius 900 by 7. Ability: ""Recovery"" - instantly restores 20% MP. | CD: 30 sec.",,"Ice Gloves (I02Y) , Seal of Elements (I044) , Ice Essence (I04L) , Ice Essence (I04L) , Alastor (I03A) , Stigmata Tesseract (ISTi) , Blood Sphere (I043) , Ice Boots (I054)"
ISHk,Ultimate Items 2 (n00A),Sode no Shirayuki |r|c00FF5555Weapon|r,Sode no Shirayuki Weapon,,,,2900,,,,18,30,,,,500,,,,,,,,,+18 AllStat (A0VM); +500 Max HP (A0S9); +30 DMG (A36M),"Увеличение AllStat на 18, HP на 500, DMG на 30. |  | Пассивно: Каждое нанесение урона свыше 50 единиц увеличивает длительность эффектов контроля на 25% на 5 секунд.","Increases AllStat by 18, HP by 500, DMG by 30. | Passive: Each damage dealt over 50 increases CC duration by 25% for 5 sec.","Sword, Rank D (I01H) + Solid Argument (IOS3) + Ribbon (I12R)",Hakka no Togame Weapon (IHnK)
I02Y,Ultimate Items 2 (n00A),Перчатки льда,Ice Gloves,,,,3200,15,,35,,,15,,50,,,,,,,,25,100,"Active CD=25s mana=100 (A0YI); +15 STR, +35 INT (A1QV); +50% AS (A0LJ); +15 DEF (A05I)","DEF +15 ед., AS +50%, INT +35 ед, STR +15. | Active: ""Щит льда"" - DEF +10 ед., уменьшение получаемого урона на 0.2*Main Stat, 10% входящего урона конвертируется в MP. Длится 7 сек. | Перезарядка: 25 сек.","DEF +15, AS +50%, INT +35, STR +15. | Active: ""Ice Shield"" - DEF +10, reduces incoming damage by 0.2*Main Stat, 10% of incoming damage converts to MP. Lasts 7 sec. | Cooldown: 25 sec.",Stylish Jacket (IOS2) + Ice Sphere (I02S) + Ice Gloves (Recipe) (I02Z),Hakka no Togame Weapon (IHnK)
IHnK,Ultimate Items 2 (n00A),Hakka no Togame |r|c00FF5555Weapon|r,Hakka no Togame Weapon,,,,6100,,,,35,60,15,,50,,,,,,,,25,200,Active CD=25s mana=200 (A1YI); Spellbook: [+35 AllStat (A0LD); +50% AS (A0LJ); +15 DEF (A05I); +60 DMG (A05Z)] (A1UI),"Увеличение AllStat на 35, DEF на 15, AS на 50%, DMG на 60. |  | Passive: Each damage dealt over 50 units increases the duration of control effects by 25% for 5 seconds. |  | Active: ""Absolute Zero"" - DEF +10 units, reduction of damage received by 0.3*Main Stat, 10% of incoming damage is converted to MP. Lasts 7 seconds. | Deals 150+1.5*AllStat damage. damages all enemies around in 600 AoE, stun for 1 sec. | CD: 25 сек.","Increases AllStat by 35, DEF by 15, AS by 50%, DMG by 60. | Passive: Each damage dealt over 50 increases CC duration by 25% for 5 sec. | Active: ""Absolute Zero"" - DEF +10, reduces incoming damage by 0.3*Main Stat, 10% of incoming damage converts to MP. Lasts 7 sec. | Deals 150+1.5*AllStat damage to all enemies in 600 AoE, stun for 1 sec. | CD: 25 sec.",Ice Gloves (I02Y) + Sode no Shirayuki Weapon (ISHk),
I04Y,Recipes 2 (n015),Аластор (рецепт),Alastor (Recipe),,,,600,,,,,,,,,,,,,,,,,,,"Увеличение AllStat на 35, увеличение регенерации до 0.1*AllStat в сек., ""Огонь Аластора"" - нанесение 0.4*AllStat ед. урона в сек., всем врагам в радиусе 700. | Нельзя купить до получения 6-го уровня. | ""Огненный клон"" - создание огненного клона, который наносит 100% урона и получает 200% |  | CD: 20 сек. |  | Требуется: Сфера Огня, Сфера Льда, Сфера Ветра,Рецепт.","Increases AllStat by 35, regen up to 0.1*AllStat/sec. ""Alastor's Fire"" - deals 0.4*AllStat DPS to all enemies in radius 700. | Cannot buy until level 6. | ""Fire Clone"" - creates a fire clone dealing 100% damage and taking 200%. | CD: 20 sec. | Requires: Fire Sphere, Ice Sphere, Wind Sphere, Recipe.",,Alastor (I03A)
I03A,Ultimate Items 2 (n00A),Аластор,Alastor,,,,6300,,,,35,,,,,,,,,,,,20,75,Active CD=20s mana=75 (A0X2); +35 AllStat (A0LD),"Увеличение AllStat на 35, увеличение регенерации до 0.1*AllStat в сек., ""Огонь Аластора"" - нанесение 0.4*AllStat ед. урона в сек., всем врагам в радиусе 700. | Нельзя купить до получения 6-го уровня. | ""Огненный клон"" - создание огненного клона, который наносит 100% урона и получает 200%. |  | CD: 20 сек.","Increases AllStat by 35, regen up to 0.1*AllStat/sec. ""Alastor's Fire"" - deals 0.4*AllStat DPS to all enemies in radius 700. | Cannot buy until level 6. | ""Fire Clone"" - creates a fire clone dealing 100% damage and taking 200%. | CD: 20 sec.",Ice Sphere (I02S) + Orb of Fire (I02R) + Wind Sphere (I02T) + Alastor (Recipe) (I04Y),
I00L,Half Vongola Rings (n003),"Кольцо Облака, Ранг D","Cloud Ring, Rank D",Vongola Ring,Cloud,D,1000,5,10,,,,,,,,,,,,,,,,+10 AGI (A04B); +5 STR (A041),Повышение AGI на 10 ед. и STR на 5 ед.,Increases AGI by 10 and STR by 5.,,"Cloud Ring, Rank C (I00M)"
I00M,,"Кольцо Облака, Ранг С","Cloud Ring, Rank C",Vongola Ring,Cloud,C,1750,10,15,,,,,,,,,,,,,,,,+15 AGI (A04C); +10 STR (A03P),Повышение AGI на 15 ед. и STR на 10 ед.,Increases AGI by 15 and STR by 10.,"Cloud Ring, Rank D (I00L) + Upgrade Item (I00E)","Cloud Ring, Rank B (I00N)"
I00N,,"Кольцо Облака, Ранг B","Cloud Ring, Rank B",Vongola Ring,Cloud,B,2500,15,20,,,,,,,,,,,,,,,,+20 AGI (A04D); +15 STR (A03R),Повышение AGI на 20 ед. и STR на 15 ед.,Increases AGI by 20 and STR by 15.,"Cloud Ring, Rank C (I00M) + Upgrade Item (I00E)","Cloud Ring, Rank A (I00O)"
I00O,,"Кольцо Облака, Ранг A","Cloud Ring, Rank A",Vongola Ring,Cloud,A,3250,20,25,,,,,,,,,,,,,,,,+25 AGI (A04E); +20 STR (A03T),Повышение AGI на 25 ед. и STR на 20 ед.,Increases AGI by 25 and STR by 20.,"Cloud Ring, Rank B (I00N) + Upgrade Item (I00E)",Vongola Cloud Ring (I00P)
I00P,,Кольцо Облака Вонголы,Vongola Cloud Ring,Vongola Ring,Cloud,S,4000,25,30,,,,,,,,,,,,,,,,+30 AGI (A04F); +25 STR (A03W),Повышение AGI на 30 ед. и STR на 25 ед.,Increases AGI by 30 and STR by 25.,"Cloud Ring, Rank A (I00O) + Upgrade Item (I00E)",True Vongola Cloud Ring (I00Q)
I00Q,Hight-level Vongola Rings and Done items (n00C),Настоящее Кольцо Облака Вонголы,True Vongola Cloud Ring,Vongola Ring,Cloud,Full,4750,30,45,,,60,,,,,,,,,,,30,50,Active CD=30s mana=50 (A0WT); +45 AGI (A123); +30 STR (A03X); +60 DMG (A0YF),"Повышение AGI на 45 ед., STR на 30 ед. и AD на 60 ед. |  | Active: ""Независимость облака"" - атаки, в течении 5 сек, невозможно заблокировать. Не действует против магической защиты и промахов. Так же, на героях ближнего боя, каждая атака мгновенно вызывает еще одну, но не чаще раза в 1 сек, дополнительный урон +10% по врагам с щитами. |  | Перезарядка: 30 сек.","Increases AGI by 45, STR by 30 and AD by 60. | Active: ""Cloud Independence"" - attacks for 5 sec cannot be blocked. Does not affect magic defense and misses. Also, melee heroes get an additional attack every 1 sec, +10% bonus damage against shielded enemies. | Cooldown: 30 sec.",Vongola Cloud Ring (I00P) + Upgrade Item (I00E),
I00X,Half Vongola Rings (n003),"Кольцо Дождя, Ранг D","Rain Ring, Rank D",Vongola Ring,Rain,D,1000,,10,,,,,,10,,,,,,,,,,"Slow Aura: 10% MS slow, 10% AS slow (A051); +10% AS (A053); +10 AGI (A04B)","Повышение AGI на 10 ед. и AS на 10% , ""Аура дождя"" - замедление всех противников в радиусе 1000 на 10% и поглощение 10% любого входящего урона.","Increases AGI by 10 and AS by 10%. ""Rain Aura"" - slows all enemies in radius 1000 by 10% and absorbs 10% of all incoming damage.",,"Rain Ring, Rank C (I00Y)"
I00Y,,"Кольцо Дождя, Ранг С","Rain Ring, Rank C",Vongola Ring,Rain,C,1750,,15,,,,,,20,,,,,,,,,,"Slow Aura: 15% MS slow, 15% AS slow (A052); +20% AS (A057); +15 AGI (A04C)","Повышение AGI на 15 ед. и AS на 20% , ""Аура дождя"" - замедление всех противников в радиусе 1000 на 15% и поглощение 13% любого входящего урона.","Increases AGI by 15 and AS by 20%. ""Rain Aura"" - slows all enemies in radius 1000 by 15% and absorbs 13% of all incoming damage.","Rain Ring, Rank D (I00X) + Upgrade Item (I00E)","Rain Ring, Rank B (I00Z)"
I00Z,,"Кольцо Дождя, Ранг B","Rain Ring, Rank B",Vongola Ring,Rain,B,2500,,20,,,,,,30,,,,,,,,,,"Slow Aura: 20% MS slow, 20% AS slow (A055); +30% AS (A124); +20 AGI (A04D)","Повышение AGI на 20 ед. и AS на 30% , ""Аура дождя"" - замедление всех противников в радиусе 1000 на 20% и поглощение 16% любого входящего урона.","Increases AGI by 20 and AS by 30%. ""Rain Aura"" - slows all enemies in radius 1000 by 20% and absorbs 16% of all incoming damage.","Rain Ring, Rank C (I00Y) + Upgrade Item (I00E)","Rain Ring, Rank A (I010)"
I010,,"Кольцо Дождя, Ранг A","Rain Ring, Rank A",Vongola Ring,Rain,A,3250,,25,,,,,,40,,,,,,,,,,"Slow Aura: 25% MS slow, 25% AS slow (A056); +40% AS (A0Y4); +25 AGI (A04E)","Повышение AGI на 25 ед. и AS на 40% , ""Аура дождя"" - замедление всех противников в радиусе 1000 на 25% и поглощение 19% любого входящего урона.","Increases AGI by 25 and AS by 40%. ""Rain Aura"" - slows all enemies in radius 1000 by 25% and absorbs 19% of all incoming damage.","Rain Ring, Rank B (I00Z) + Upgrade Item (I00E)",Vongola Rain Ring (I011)
I011,,Кольцо Дождя Вонголы,Vongola Rain Ring,Vongola Ring,Rain,S,4000,,30,,,,,,50,,,,,,,,,,"Slow Aura: 30% MS slow, 30% AS slow (A059); +50% AS (A0LJ); +30 AGI (A04F)","Повышение AGI на 30 ед. и AS на 50% , ""Аура дождя"" - замедление всех противников в радиусе 1000 на 30% и поглощение 22% любого входящего урона.","Increases AGI by 30 and AS by 50%. ""Rain Aura"" - slows all enemies in radius 1000 by 30% and absorbs 22% of all incoming damage.","Rain Ring, Rank A (I010) + Upgrade Item (I00E)",True Vongola Rain Ring (I012)
I012,Hight-level Vongola Rings and Done items (n00C),Настоящее Кольцо Дождя Вонголы,True Vongola Rain Ring,Vongola Ring,Rain,Full,4750,,50,,,,,,60,,,,,,,,26,50,"Flame Strike (A05C); Slow Aura: 35% MS slow, 35% AS slow (A05A); +60% AS (A122); +50 AGI (A200)","Повышение AGI на 50 ед. и AS на 60% , ""Аура дождя"" - замедление всех противников в радиусе 1000 на 35% и поглощение 25% любого входящего урона. | Active: ""Проливной дождь"" - Вызывает тучу над определенной областью на 13 сек., которое замедляет всех врагов под ним на 100%. | Перезарядка: 26 сек.","Increases AGI by 50 and AS by 60%. ""Rain Aura"" - slows all enemies in radius 1000 by 35% and absorbs 25% of all incoming damage. | Active: ""Torrential Rain"" - summons a cloud over an area for 13 sec, slowing all enemies under it by 100%. | Cooldown: 26 sec.",Vongola Rain Ring (I011) + Upgrade Item (I00E),
I013,Half Vongola Rings (n003),"Кольцо Грозы, Ранг D","Lightning Ring, Rank D",Vongola Ring,Lightning,D,1000,,,5,,,2,,,300,,,,,,,,,+300 Max HP (A0S8); +2 DEF (A05F); +5 INT (A05E),"Повышение INT на 5 ед., DEF на 2 ед. и HP на 300 ед.","Increases INT by 5, DEF by 2 and HP by 300.",,"Lightning Ring, Rank C (I014)"
I014,,"Кольцо Грозы, Ранг C","Lightning Ring, Rank C",Vongola Ring,Lightning,C,1750,,,10,,,4,,,500,,,,,,,,,+500 Max HP (A0S9); +4 DEF (A25G); +10 INT (A042),"Повышение INT на 10 ед., DEF на 4 ед. и HP на 500 ед.","Increases INT by 10, DEF by 4 and HP by 500.","Lightning Ring, Rank D (I013) + Upgrade Item (I00E)","Lightning Ring, Rank B (I015)"
I015,,"Кольцо Грозы, Ранг B","Lightning Ring, Rank B",Vongola Ring,Lightning,B,2500,,,15,,,6,,,700,,,,,,,,,+700 Max HP (A0SA); +6 DEF (A25H); +15 INT (A043),"Повышение INT на 15 ед., DEF на 6 ед. и HP на 700 ед.","Increases INT by 15, DEF by 6 and HP by 700.","Lightning Ring, Rank C (I014) + Upgrade Item (I00E)","Lightning Ring, Rank A (I016)"
I016,,"Кольцо Грозы, Ранг A","Lightning Ring, Rank A",Vongola Ring,Lightning,A,3250,,,20,,,8,,,900,,,,,,,,,+900 Max HP (A0SB); +8 DEF (A25I); +20 INT (A044),"Повышение INT на 20 ед., DEF на 8 ед. и HP на 900 ед.","Increases INT by 20, DEF by 8 and HP by 900.","Lightning Ring, Rank B (I015) + Upgrade Item (I00E)",Vongola Lightning Ring (I017)
I017,,Кольцо Грозы Вонголы,Vongola Lightning Ring,Vongola Ring,Lightning,S,4000,,,25,,,10,,,1100,,,,,,,,,+1100 Max HP (A0SC); +10 DEF (A05H); +25 INT (A045),"Повышение INT на 25 ед., DEF на 10 ед. и HP на 1100 ед.","Increases INT by 25, DEF by 10 and HP by 1100.","Lightning Ring, Rank A (I016) + Upgrade Item (I00E)",True Vongola Lightning Ring (I018)
I018,Hight-level Vongola Rings and Done items (n00C),Настоящее Кольцо Грозы Вонголы,True Vongola Lightning Ring,Vongola Ring,Lightning,Full,4750,,,30,,,20,,,900,,,,,,,25,50,Active CD=25s mana=50 (A0WU); +900 Max HP (A0SD); +20 DEF (ATRD); +30 INT (A046),"Повышение INT на 30 ед., DEF на 20 ед. и HP на 900 ед. |  | Active: ""Щит грозы"" - защищает от любой атаки в течении 3 секунд. Не снимается Imagine Breaker. |  | Passive: Щиты блокируют 30% урона пробивания, без штрафа +10%. При 3 ударах подряд от одного врага: стан 0.5 сек (сброс 5 сек). |  | Перезарядка: 25 сек.","Increases INT by 30, DEF by 20 and HP by 900. | Passive: ""Anti-Bypass"" - when shield is bypassed (Cloud Ring, Mare Cloud, Tesseract), blocks 30% of bypassed damage instead of taking +10% penalty. | Passive: ""Anti-Focus"" - if the same hero attacks the owner 3 times consecutively, the attacker is stunned for 0.5 sec. Counter resets after 5 sec without hits. | Active: ""Lightning Shield"" - blocks any attack for 3 sec. Not removable by Imagine Breaker. | Cooldown: 25 sec.",Vongola Lightning Ring (I017) + Upgrade Item (I00E),
I019,Half Vongola Rings (n003),"Кольцо Неба, Ранг D","Sky Ring, Rank D",Vongola Ring,Sky,D,1000,,,,9,10,,,,,,,,,,,,,+9 AllStat (A0YH); +10 DMG (A05Q),"Повышение AllStat на 9 ед., атаку на 10 ед.","Increases AllStat by 9, AD by 10.",,"Sky Ring, Rank C (I01A)"
I01A,,"Кольцо Неба, Ранг С","Sky Ring, Rank C",Vongola Ring,Sky,C,1750,,,,13,20,,,,,,,,,,,,,+13 AllStat (A14N); +20 DMG (A05R),"Повышение AllStat на 13 ед., атаку на 20 ед.","Increases AllStat by 13, AD by 20.","Sky Ring, Rank D (I019) + Upgrade Item (I00E)","Sky Ring, Rank B (I01B)"
I01B,,"Кольцо Неба, Ранг B","Sky Ring, Rank B",Vongola Ring,Sky,B,2500,,,,16,30,,,,,,,,,,,,,+16 AllStat (A0W1); +30 DMG (A05U),"Повышение AllStat на 16 ед., атаку на 30 ед.","Increases AllStat by 16, AD by 30.","Sky Ring, Rank C (I01A) + Upgrade Item (I00E)","Sky Ring, Rank A (I01C)"
I01C,,"Кольцо Неба, Ранг A","Sky Ring, Rank A",Vongola Ring,Sky,A,3250,,,,19,40,,,,,,,,,,,,,+19 AllStat (A05X); +40 DMG (A05W),"Повышение AllStat на 19 ед., атаку на 40 ед.","Increases AllStat by 19, AD by 40.","Sky Ring, Rank B (I01B) + Upgrade Item (I00E)",Vongola Sky Ring (I01D)
I01D,,Кольцо Неба Вонголы,Vongola Sky Ring,Vongola Ring,Sky,S,4000,,,,22,50,,,,,,,,,,,,,+22 AllStat (A14O); +50 DMG (A05Y),"Повышение AllStat на 22 ед., атаку на 50 ед.","Increases AllStat by 22, AD by 50.","Sky Ring, Rank A (I01C) + Upgrade Item (I00E)",True Vongola Sky Ring (I01E)
I01E,Hight-level Vongola Rings and Done items (n00C),Настоящее Кольцо Неба Вонголы,True Vongola Sky Ring,Vongola Ring,Sky,Full,4750,,,,35,50,,,,,,,,,,,25,200,Active CD=25s mana=200 (CS05); +35 AllStat (AP07); +50 DMG (A05Y),"Повышение AllStat на 35, атаку на 50 ед. |  | Active: ""Небо"" - запрещает применять противнику способности в течении 3 сек. и предметы в течении 1 сек., также замедляет на 100% и наносит 2*AllStat | С 35 уровня наносит 3*AllStat | Дальность: 900 | Перезарядка: 25 сек.","Increases AllStat by 35, AD by 50. | Active: ""Sky"" - silences enemy abilities for 3 sec and items for 1 sec, also slows by 100% and deals 2*AllStat. | From level 35 deals 3*AllStat. | Range: 900. | Cooldown: 25 sec.",Vongola Sky Ring (I01D) + Upgrade Item (I00E),
I02L,Half Vongola Rings (n003),"Кольцо Ада: ""Демонический Глаз"", Ранг D","Hell Ring: Demon Eye, Rank D",Hell Ring: Demon Eye,,D,1000,,,,9,,6,,,100,,7,,,,,,,+7 HP/s regen (A0EP); +6 DEF (A19H); +9 AllStat (A0YH); +100 Max HP (A0XY),"Увеличивает DEF на 6, HP regen на 7, HP 100, AllStat на 9.","Increases DEF by 6, HP regen by 7, HP by 100, AllStat by 9.",,"Hell Ring: Demon Eye, Rank C (I02M)"
I02M,,"Кольцо Ада: ""Демонический Глаз"", Ранг C","Hell Ring: Demon Eye, Rank C",Hell Ring: Demon Eye,,C,1750,,,,12,,8,,,200,,14,,,,,,,+8 DEF (A19I); +14 HP/s regen (A0EQ); +12 AllStat (A0VL); +200 Max HP (A0SE),"Увеличивает DEF на 8, HP regen на 14, HP 200, AllStat на 12.","Increases DEF by 8, HP regen by 14, HP by 200, AllStat by 12.","Hell Ring: Demon Eye, Rank D (I02L) + Upgrade Item (I00E)","Hell Ring: Demon Eye, Rank B (I02N)"
I02N,,"Кольцо Ада: ""Демонический Глаз"", Ранг B","Hell Ring: Demon Eye, Rank B",Hell Ring: Demon Eye,,B,2500,,,,15,,10,,,300,,21,,,,,,,+21 HP/s regen (A0ER); +10 DEF (A19J); +15 AllStat (A05V); +300 Max HP (A0S8),"Увеличивает DEF на 10, HP regen на 21, HP 300, AllStat на 15.","Increases DEF by 10, HP regen by 21, HP by 300, AllStat by 15.","Hell Ring: Demon Eye, Rank C (I02M) + Upgrade Item (I00E)","Hell Ring: Demon Eye, Rank A (I02O)"
I02O,,"Кольцо Ада: ""Демонический Глаз"", Ранг A","Hell Ring: Demon Eye, Rank A",Hell Ring: Demon Eye,,A,3250,,,,18,,12,,,400,,28,,,,,,,+12 DEF (A29J); +28 HP/s regen (A0ES); +18 AllStat (A0VM); +400 Max HP (A0XZ),"Увеличивает DEF на 12, HP regen на 28, HP 400, AllStat на 18.","Increases DEF by 12, HP regen by 28, HP by 400, AllStat by 18.","Hell Ring: Demon Eye, Rank B (I02N) + Upgrade Item (I00E)",Sealed Hell Ring: Demon Eye (I02P)
I02P,,"Запечатанное Кольцо Ада: ""Демонический Глаз""",Sealed Hell Ring: Demon Eye,Hell Ring: Demon Eye,,S,4000,,,,20,,15,,,400,,28,,,,,,,+15 DEF (A05I); +28 HP/s regen (A0ES); +20 AllStat (A0EO); +400 Max HP (A0XZ),"Увеличивает DEF на 15, HP regen на 28, HP 400, AllStat на 20.","Increases DEF by 15, HP regen by 28, HP by 400, AllStat by 20.","Hell Ring: Demon Eye, Rank A (I02O) + Upgrade Item (I00E)",Hell Ring: Demon Eye (I02Q)
I02Q,Hight-level Vongola Rings and Done items (n00C),"Кольцо Ада: ""Демонический Глаз""",Hell Ring: Demon Eye,Hell Ring: Demon Eye,,Full,4750,,,,30,,20,,,500,,40,,,,50,20,50,Active CD=20s mana=50 (A0YJ); stat bonus (A0Y7); Spellbook: [+20 DEF (A1EZ); +40 HP/s regen (A040); +30 AllStat (A06P); +500 Max HP (A0Y0)] (A0Y3),"Увеличивает DEF на 20 ед., HP regen на 40, HP 500, AllStat на 30. | Passive: Получаемый Физический урон: -20% при активации еще - 20%(также работает на самехаду и гегецу),также 50% прохам по владельцу | Active: ""Демоническая Защита"" - невосприимчивость к физическим атакам. |  | Длительность: 6 сек | Перезарядка: 20 сек.","Increases DEF by 20, HP regen by 40, HP by 500, AllStat by 30. | Passive: Physical damage received: -20%, on activation another -20% (also works with Samehada and Gegetsuburi), also 50% miss chance against the owner. | Active: ""Demonic Defense"" - immunity to physical attacks. | Duration: 6 sec. | Cooldown: 20 sec.",Sealed Hell Ring: Demon Eye (I02P) + Upgrade Item (I00E),
I114,Half Vongola Rings (n003),"Кольцо Ада: ""Рог"", Ранг D","Hell Ring: Horn, Rank D",Hell Ring: Horn,,D,1000,,,,9,,,,,,,,,,,,,,+9 AllStat (A0YH),Повышение AllStat на 9 ед.,Increases AllStat by 9.,,"Hell Ring: Horn, Rank C (I115)"
I115,,"Кольцо Ада: ""Рог"", Ранг C","Hell Ring: Horn, Rank C",Hell Ring: Horn,,C,1750,,,,13,,,,,,,,,,,,,,+13 AllStat (A14N),Повышение AllStat на 13 ед.,Increases AllStat by 13.,"Hell Ring: Horn, Rank D (I114) + Upgrade Item (I00E)","Hell Ring: Horn, Rank B (I116)"
I116,,"Кольцо Ада: ""Рог"", Ранг B","Hell Ring: Horn, Rank B",Hell Ring: Horn,,B,2500,,,,16,,,,,,,,,,,,,,+16 AllStat (A0W1),Повышение AllStat на 16 ед.,Increases AllStat by 16.,"Hell Ring: Horn, Rank C (I115) + Upgrade Item (I00E)","Hell Ring: Horn, Rank A (I117)"
I117,,"Кольцо Ада: ""Рог"", Ранг A","Hell Ring: Horn, Rank A",Hell Ring: Horn,,A,3250,,,,19,,,,,,,,,,,,,,+19 AllStat (A05X),Повышение AllStat на 19 ед.,Increases AllStat by 19.,"Hell Ring: Horn, Rank B (I116) + Upgrade Item (I00E)",Sealed Hell Ring: Horn (I118)
I118,,"Запечатанное Кольцо Ада: ""Рог""",Sealed Hell Ring: Horn,Hell Ring: Horn,,S,4000,,,,22,,,,,,,,,,,,,,+22 AllStat (A14O),Повышение AllStat на 22 ед.,Increases AllStat by 22.,"Hell Ring: Horn, Rank A (I117) + Upgrade Item (I00E)",Hell Ring: Horn (I100)
I100,Hight-level Vongola Rings and Done items (n00C),"Кольцо Ада: ""Рог""",Hell Ring: Horn,Hell Ring: Horn,,Full,4750,,,,30,,,,,,,,,,,,25,150,Active CD=25s mana=150 (AI02); +30 AllStat (A06P); Slow Aura (passive) (AI03),"Повышение AllStat на 30. | Passive: союзники в радиусе 900 получают MP reg: +10 и на +15% усиление MP reg. |  | Active: при нажатии на себя либо союзника через 0.5 сек | меняет текущее значени HP и MP местами. |  | Если применить на врага/союзника заменяет текущее значение HP и МП владельца с целью, | от разницы между ними, но с 40% эффективностью на врага и 80% эффективностью на союзника. |  | CD: 25 сек.","Increases AllStat by 30. | Passive: allies in radius 900 gain MP regen +10 and +15% MP regen bonus. | Active: when cast on self or ally after 0.5 sec swaps current HP and MP values. | When cast on enemy/ally, swaps current HP and MP between owner and target, at 40% effectiveness on enemies and 80% on allies. | CD: 25 sec.",Sealed Hell Ring: Horn (I118) + Upgrade Item (I00E),
I02E,Half Vongola Rings (n003),"Кольцо Ада: ""Пожиратель Душ"", Ранг D","Hell Ring: Soul Eater, Rank D",Hell Ring: Soul Eater,,D,1250,,,,,15,,,9,,,,,,,,,,+9% AS (A0E8); +15 DMG (A0E9),"Увеличивает атаку на 15 ед, AS на 9%, 10% шанс при получении физического урона заблокировать и появиться за спиной у противника. Способность считается блоками, не промахами.","Increases AD by 15, AS by 9%, 10% chance on receiving physical damage to block and appear behind the attacker. Counts as blocks, not misses.",,"Hell Ring: Soul Eater, Rank C (I02F)"
I02F,,"Кольцо Ада: ""Пожиратель Душ"", Ранг С","Hell Ring: Soul Eater, Rank C",Hell Ring: Soul Eater,,C,2000,,,,,20,,,14.0,,,,,,,,,,+14% AS (A0EA); +20 DMG (A099),"Увеличивает атаку на 20 ед, AS на 14%, 15% шанс при получении физического урона заблокировать и появиться за спиной у противника. Способность считается блоками, не промахами.","Increases AD by 20, AS by 14%, 15% chance on receiving physical damage to block and appear behind the attacker. Counts as blocks, not misses.","Hell Ring: Soul Eater, Rank D (I02E) + Upgrade Item (I00E)","Hell Ring: Soul Eater, Rank B (I02G)"
I02G,,"Кольцо Ада: ""Пожиратель Душ"", Ранг B","Hell Ring: Soul Eater, Rank B",Hell Ring: Soul Eater,,B,2750,,,,,25,,,19,,,,,,,,,,+19% AS (A0EB); +25 DMG (A0EC),"Увеличивает атаку на 25 ед, AS на 19%, 20% шанс при получении физического урона заблокировать и появиться за спиной у противника. Способность считается блоками, не промахами.","Increases AD by 25, AS by 19%, 20% chance on receiving physical damage to block and appear behind the attacker. Counts as blocks, not misses.","Hell Ring: Soul Eater, Rank C (I02F) + Upgrade Item (I00E)","Hell Ring: Soul Eater, Rank A (I02H)"
I02H,,"Кольцо Ада: ""Пожиратель Душ"", Ранг A","Hell Ring: Soul Eater, Rank A",Hell Ring: Soul Eater,,A,3500,,,,,30,,,24,,,,,,,,,,+24% AS (A0ED); +30 DMG (A0EE),"Увеличивает атаку на 30 ед, AS на 24%, 25% шанс при получении физического урона заблокировать и появиться за спиной у противника. Способность считается блоками, не промахами.","Increases AD by 30, AS by 24%, 25% chance on receiving physical damage to block and appear behind the attacker. Counts as blocks, not misses.","Hell Ring: Soul Eater, Rank B (I02G) + Upgrade Item (I00E)",Sealed Hell Ring: Soul Eater (I02I)
I02I,,"Запечатанное Кольцо Ада: ""Пожиратель Душ""",Sealed Hell Ring: Soul Eater,Hell Ring: Soul Eater,,S,4250,,,,,35,,,30,,,,,,,,,,+30% AS (A05B); +35 DMG (A35Y),"Увеличивает атаку на 35 ед, AS на 30%, 25% шанс при получении физического урона заблокировать и появиться за спиной у противника. Способность считается блоками, не промахами.","Increases AD by 35, AS by 30%, 25% chance on receiving physical damage to block and appear behind the attacker. Counts as blocks, not misses.","Hell Ring: Soul Eater, Rank A (I02H) + Upgrade Item (I00E)",Hell Ring: Soul Eater [Weapon] (I02J)
I02J,Hight-level Vongola Rings and Done items (n00C),"Кольцо Ада: ""Пожиратель Душ"" |r|c00FF5555Weapon|r",Hell Ring: Soul Eater [Weapon],Hell Ring: Soul Eater,,Full,5000,,,,,40,,,45,,,,,,,,,50,Active mana=50 (A0EH); +40 DMG (A0EF); +45% AS (A0EG),"Увеличивает атаку на 40 ед, AS на 45%, 35% шанс при получении физического урона заблокировать и появиться за спиной у противника. Способность считается блоками, не промахами. |  Weapon | Active: ""Демоническая Сила"" - активировав кольцо герой повышает AllStat на 70, AS на 45% и DEF на 15, но тратит 1.5% Max HP\сек.","Increases AD by 40, AS by 45%, 35% chance on receiving physical damage to block and appear behind the attacker. Counts as blocks, not misses. | Weapon | Active: ""Demonic Power"" - increases AllStat by 70, AS by 45% and DEF by 15, but drains 1.5% Max HP/sec.",Sealed Hell Ring: Soul Eater (I02I) + Upgrade Item (I00E),
I00E,Base Items (n004),Улучшить предмет,Upgrade Item,,,,750,,,,,,,,,,,,,,,,,,,Улучшить предмет,Upgrade Item.,,"Hell Ring: Nightmare, Rank C (I110) , Hell Ring: Nightmare, Rank B (I111) , Hell Ring: Nightmare, Rank A (I112) , Sealed Hell Ring: Nightmare (I113) , Hell Ring: Nightmare (I101) , Hell Ring: Horn, Rank C (I115) , Hell Ring: Horn, Rank B (I116) , Hell Ring: Horn, Rank A (I117) , Sealed Hell Ring: Horn (I118) , Hell Ring: Horn (I100) , Sun Ring, Rank C (I009) , Sun Ring, Rank B (I00A) , Sun Ring, Rank A (I00B) , Vongola Sun Ring (I00C) , True Vongola Sun Ring (I00D) , Mist Ring, Rank C (I00G) , Mist Ring, Rank B (I00H) , Mist Ring, Rank A (I00I) , Vongola Mist Ring (I00J) , True Vongola Mist Ring (I00K) , Cloud Ring, Rank C (I00M) , Cloud Ring, Rank B (I00N) , Cloud Ring, Rank A (I00O) , Vongola Cloud Ring (I00P) , True Vongola Cloud Ring (I00Q) , Storm Ring, Rank C (I00S) , Storm Ring, Rank B (I00T) , Storm Ring, Rank A (I00U) , Vongola Storm Ring (I00V) , True Vongola Storm Ring (I00W) , Rain Ring, Rank C (I00Y) , Rain Ring, Rank B (I00Z) , Rain Ring, Rank A (I010) , Vongola Rain Ring (I011) , True Vongola Rain Ring (I012) , Lightning Ring, Rank C (I014) , Lightning Ring, Rank B (I015) , Lightning Ring, Rank A (I016) , Vongola Lightning Ring (I017) , True Vongola Lightning Ring (I018) , Sky Ring, Rank C (I01A) , Sky Ring, Rank B (I01B) , Sky Ring, Rank A (I01C) , Vongola Sky Ring (I01D) , True Vongola Sky Ring (I01E) , Sword, Rank C (I01J) , Sword, Rank B (I01I) , Sword, Rank A (I01K) , Tempered Sword [Weapon] (I01L) , Staff of Darkness, Rank C (I01X) , Staff of Darkness, Rank B (I01Y) , Staff of Darkness, Rank A (I01Z) , Sealed Staff of Darkness (I06C) , True Staff of Darkness [Weapon] (I020) , Hell Ring: Soul Eater, Rank C (I02F) , Hell Ring: Soul Eater, Rank B (I02G) , Hell Ring: Soul Eater, Rank A (I02H) , Sealed Hell Ring: Soul Eater (I02I) , Hell Ring: Soul Eater [Weapon] (I02J) , Hell Ring: Demon Eye, Rank C (I02M) , Hell Ring: Demon Eye, Rank B (I02N) , Hell Ring: Demon Eye, Rank A (I02O) , Sealed Hell Ring: Demon Eye (I02P) , Hell Ring: Demon Eye (I02Q) , Vongola Gloves Lv.1 (I03G) , Vongola Gloves Lv.2 (I03H) , Vongola Gloves Lv.3 (I03I) , Vongola Gloves Lv.4 (I03J) , Vongola Gloves Lv.5 (I03K) , Vongola X Gloves (I03L) , Hell Ring: 666, Rank C (I04A) , Hell Ring: 666, Rank B (I04B) , Hell Ring: 666, Rank A (I04C) , Sealed Hell Ring: 666 (I04D) , Hell Ring: 666 [Weapon] (I04E) , Guard Droid Mk.II (I04I) , Mare Sky Ring, Rank C (I04N) , Mare Sky Ring, Rank B (I04O) , Mare Sky Ring, Rank A (I04P) , Fake Mare Sky Ring (I04Q) , True Mare Sky Ring (I04R) , Mare Lightning Ring, Rank C (I057) , Mare Lightning Ring, Rank B (I058) , Mare Lightning Ring, Rank A (I059) , Fake Mare Lightning Ring (I05A) , True Mare Lightning Ring (I05B) , Mare Sun Ring, Rank C (I05D) , Mare Sun Ring, Rank B (I05E) , Mare Sun Ring, Rank A (I05F) , Fake Mare Sun Ring (I05G) , True Mare Sun Ring (I05H) , Mare Storm Ring, Rank C (I05J) , Mare Storm Ring, Rank B (I05K) , Mare Storm Ring, Rank A (I05L) , Fake Mare Storm Ring (I05M) , True Mare Storm Ring (I05N) , Mare Rain Ring, Rank C (I05P) , Mare Rain Ring, Rank B (I05Q) , Mare Rain Ring, Rank A (I05R) , Fake Mare Rain Ring (I05S) , True Mare Rain Ring (I05T) , Mare Mist Ring, Rank C (I05V) , Mare Mist Ring, Rank B (I05W) , Mare Mist Ring, Rank A (I05X) , Fake Mare Mist Ring (I05Y) , True Mare Mist Ring (I05Z) , Mare Cloud Ring, Rank C (I061) , Mare Cloud Ring, Rank B (I062) , Mare Cloud Ring, Rank A (I063) , Fake Mare Cloud Ring (I064) , True Mare Cloud Ring (I065)"
I109,Half Vongola Rings (n003),"Кольцо Ада: ""Ночной кошмар"", Ранг D","Hell Ring: Nightmare, Rank D",Hell Ring: Nightmare,,D,1450,,,,9,,,,,,,,,,,,,,+9 AllStat (A0YH),Повышение AllStat на 9 ед.,Increases AllStat by 9.,,"Hell Ring: Nightmare, Rank C (I110)"
I110,,"Кольцо Ада: ""Ночной кошмар"", Ранг C","Hell Ring: Nightmare, Rank C",Hell Ring: Nightmare,,C,1750,,,,13,,,,,,,,,,,,,,+13 AllStat (A14N),Повышение AllStat на 13 ед.,Increases AllStat by 13.,"Hell Ring: Nightmare, Rank D (I109) + Upgrade Item (I00E)","Hell Ring: Nightmare, Rank B (I111)"
I111,,"Кольцо Ада: ""Ночной кошмар"", Ранг B","Hell Ring: Nightmare, Rank B",Hell Ring: Nightmare,,B,2500,,,,16,,,,,,,,,,,,,,+16 AllStat (A0W1),Повышение AllStat на 16 ед.,Increases AllStat by 16.,"Hell Ring: Nightmare, Rank C (I110) + Upgrade Item (I00E)","Hell Ring: Nightmare, Rank A (I112)"
I112,,"Кольцо Ада: ""Ночной кошмар"", Ранг A","Hell Ring: Nightmare, Rank A",Hell Ring: Nightmare,,A,3250,,,,19,,,,,,,,,,,,,,+19 AllStat (A05X),Повышение AllStat на 19 ед.,Increases AllStat by 19.,"Hell Ring: Nightmare, Rank B (I111) + Upgrade Item (I00E)",Sealed Hell Ring: Nightmare (I113)
I113,,"Запечатанное Кольцо Ада: ""Ночной кошмар""",Sealed Hell Ring: Nightmare,Hell Ring: Nightmare,,S,4000,,,,22,,,,,,,,,,,,,,+22 AllStat (A14O),Повышение AllStat на 22 ед.,Increases AllStat by 22.,"Hell Ring: Nightmare, Rank A (I112) + Upgrade Item (I00E)",Hell Ring: Nightmare (I101)
I101,Hight-level Vongola Rings and Done items (n00C),"Кольцо Ада: ""Ночной кошмар""",Hell Ring: Nightmare,Hell Ring: Nightmare,,Full,5200,,,,30,,,,,,,15,50,,,,35,300,Active: AoE Stun CD=35s mana=300 (AI04); +15 HP/s regen (A03U); +50% MP regen (A04N); +30 AllStat (A06P),"Повышение AllStat на 30, HP Regen на 15 ед., MP Regen на 50%. | Passive: Отображение на карте смещенно в случайном направлении на 2000. |  | Active: при нажатии все союзники в радиусе 900 получают невидимость на 4 сек, получая на 20% меньше урона, | а в их местоположении создаются иллюзии которые получают 100% урона и живут 6 сек. |  | CD: 35 сек.","Increases AllStat by 30, HP Regen by 15, MP Regen by 50%. | Passive: Map position is displaced randomly by 2000. | Active: all allies in radius 900 become invisible for 4 sec, taking 20% less damage, and illusions are created at their positions (take 100% damage, live 6 sec). | CD: 35 sec.",Sealed Hell Ring: Nightmare (I113) + Upgrade Item (I00E),
I049,Half Vongola Rings (n003),"Кольцо Ада: ""666"", Ранг D","Hell Ring: 666, Rank D",Hell Ring: 666,,D,1500,,,,3,20,,,,,,,,,,,,,+20 DMG (A05R); Aura: -4 DEF to enemies (radius 500) (A0Y8); +3 AllStat (A0YG),"Увеличивает наносимый урон на 20 ед., снижает DEF врагов в радиусе 500 на 3, AllStat на 3.","Increases AD by 20, reduces enemy DEF in radius 500 by 3, AllStat by 3.",,"Hell Ring: 666, Rank C (I04A)"
I04A,,"Кольцо Ада: ""666"", Ранг С","Hell Ring: 666, Rank C",Hell Ring: 666,,C,1750,,,,6,30,,,,,,,,,,,,,+30 DMG (A0YE); Aura: -8 DEF to enemies (radius 500) (A0Y9); +6 AllStat (A0VK),"Увеличивает наносимый урон на 30 ед., снижает DEF врагов в радиусе 500 на 6, AllStat на 6.","Increases AD by 30, reduces enemy DEF in radius 500 by 6, AllStat by 6.","Hell Ring: 666, Rank D (I049) + Upgrade Item (I00E)","Hell Ring: 666, Rank B (I04B)"
I04B,,"Кольцо Ада: ""666"", Ранг B","Hell Ring: 666, Rank B",Hell Ring: 666,,B,2500,,,,9,40,,,,,,,,,,,,,+40 DMG (A25Y); Aura: -12 DEF to enemies (radius 500) (A0YA); +9 AllStat (A0YH),"Увеличивает наносимый урон на 40 ед., снижает DEF врагов в радиусе 500 на 9, AllStat на 9.","Increases AD by 40, reduces enemy DEF in radius 500 by 9, AllStat by 9.","Hell Ring: 666, Rank C (I04A) + Upgrade Item (I00E)","Hell Ring: 666, Rank A (I04C)"
I04C,,"Кольцо Ада: ""666"", Ранг A","Hell Ring: 666, Rank A",Hell Ring: 666,,A,3250,,,,12,50,,,,,,,,,,,,,+50 DMG (A05Y); Aura: -16 DEF to enemies (radius 500) (A0YB); +12 AllStat (A0VL),"Увеличивает наносимый урон на 50 ед., снижает DEF врагов в радиусе 500 на 12, AllStat на 12.","Increases AD by 50, reduces enemy DEF in radius 500 by 12, AllStat by 12.","Hell Ring: 666, Rank B (I04B) + Upgrade Item (I00E)",Sealed Hell Ring: 666 (I04D)
I04D,,"Запечатанное Кольцо Ада: ""666""",Sealed Hell Ring: 666,Hell Ring: 666,,S,4000,,,,15,60,,,,,,,,,,,,,+60 DMG (A0YF); Aura: -20 DEF to enemies (radius 500) (A0YC); +15 AllStat (A05V),"Увеличивает наносимый урон на 60 ед., снижает DEF врагов в радиусе 500 на 15, AllStat на 15.","Increases AD by 60, reduces enemy DEF in radius 500 by 15, AllStat by 15.","Hell Ring: 666, Rank A (I04C) + Upgrade Item (I00E)",Hell Ring: 666 [Weapon] (I04E)
I04E,Hight-level Vongola Rings and Done items (n00C),"Кольцо Ада: ""666"" |r|c00FF5555Weapon|r",Hell Ring: 666 [Weapon],Hell Ring: 666,,Full,5250,,,,30,60,,,,,,,,,,,20,150,Active CD=20s mana=150 (AI14); +60 DMG (A0YF); Aura: -20 DEF to enemies (radius 500) (A0YD); +30 AllStat (A06P),"Увеличивает наносимый урон на 60 ед., AllStat на 30, снижает DEF врагов в радиусе 1100 на 20. |  | Сильный удар: 50%, оглушить на 0.06 сек. и не промахиваться 0.45 сек. | Passive: Физический урон: +15% при активации еще + 15%(также работает на самехаду и гегецу) | Активно: владелец получает True Strike на 6 сек | Перезарядка: 20 сек","Increases AD by 60, AllStat by 30, reduces enemy DEF in radius 1100 by 20. | Strong hit: 50%, stun for 0.06 sec and true strike for 0.45 sec. | Passive: Physical damage +15%, on activation another +15% (also works with Samehada and Gegetsuburi). | Active: owner gets True Strike for 6 sec. | Cooldown: 20 sec.",Sealed Hell Ring: 666 (I04D) + Upgrade Item (I00E),
I05F,,"Кольцо Солнца Маре, Ранг A","Mare Sun Ring, Rank A",Mare Ring,Sun,A,3250,25,,,,,,,,,,,,,,,,,+25 STR (A03W),"Повышение STR на 25 ед., HP regen: 13% от INT.","Increases STR by 25, HP regen: 13% of INT.","Mare Sun Ring, Rank B (I05E) + Upgrade Item (I00E)",Fake Mare Sun Ring (I05G)
I05G,,Фальшивое Кольцо Солнца Маре,Fake Mare Sun Ring,Mare Ring,Sun,S,4000,30,,,,,,,,,,,,,,,,,+30 STR (A03X),"Повышение STR на 30 ед., HP regen: 14% от INT.","Increases STR by 30, HP regen: 14% of INT.","Mare Sun Ring, Rank A (I05F) + Upgrade Item (I00E)",True Mare Sun Ring (I05H)
I05H,Hight-level Mare Rings (n00R),Истинное Кольцо Солнца Маре,True Mare Sun Ring,Mare Ring,Sun,Full,4750,35,,35,,,,,,,,,,,,,25,100,"Active CD=25s mana=100 (A189); +35 STR, +35 INT (A18A)","Повышение STR на 35  ед и 35 INT, HP regen: 15% от INT, пассивно: восстановление HP от 10% получаемого урона (мин. 100 ед урона) в течении 5 сек. |  | Активно: утраивает эффективность кольца на 10 сек. | Перезарядка: 25 сек.","Increases STR by 35 and INT by 35, HP regen: 15% of INT. Passive: restores HP from 10% of received damage (min 100 damage) over 5 sec. | Active: triples ring effectiveness for 10 sec. | Cooldown: 25 sec.",Fake Mare Sun Ring (I05G) + Upgrade Item (I00E),
I05I,Mare Rings (n00S),"Кольцо Шторма Маре, Ранг D","Mare Storm Ring, Rank D",Mare Ring,Storm,D,1000,,15,15,,,,,,,,,,,,,,,+15 AGI (A04C); +15 INT (A043),"Повышениe INT, AGI на 15 ед.",Increases INT and AGI by 15.,,"Mare Storm Ring, Rank C (I05J)"
I05J,,"Кольцо Шторма Маре, Ранг C","Mare Storm Ring, Rank C",Mare Ring,Storm,C,1750,,20,20,,,,,,,,,,,,,,,+20 AGI (A04D); +20 INT (A044),"Повышениe INT, AGI на 20 ед.",Increases INT and AGI by 20.,"Mare Storm Ring, Rank D (I05I) + Upgrade Item (I00E)","Mare Storm Ring, Rank B (I05K)"
I05K,,"Кольцо Шторма Маре, Ранг B","Mare Storm Ring, Rank B",Mare Ring,Storm,B,2500,,25,25,,,,,,,,,,,,,,,+25 AGI (A04E); +25 INT (A045),"Повышениe INT, AGI на 25 ед.",Increases INT and AGI by 25.,"Mare Storm Ring, Rank C (I05J) + Upgrade Item (I00E)","Mare Storm Ring, Rank A (I05L)"
I05L,,"Кольцо Шторма Маре, Ранг A","Mare Storm Ring, Rank A",Mare Ring,Storm,A,3250,,30,30,,,,,,,,,,,,,,,+30 AGI (A04F); +30 INT (A046),"Повышениe INT, AGI на 30 ед.",Increases INT and AGI by 30.,"Mare Storm Ring, Rank B (I05K) + Upgrade Item (I00E)",Fake Mare Storm Ring (I05M)
I05M,,Фальшивое Кольцо Шторма Маре,Fake Mare Storm Ring,Mare Ring,Storm,S,4000,,35,35,,,,,,,,,,,,,,,+35 AGI (A18E); +35 INT (A98E),"Повышениe INT, AGI на 35 ед.",Increases INT and AGI by 35.,"Mare Storm Ring, Rank A (I05L) + Upgrade Item (I00E)",True Mare Storm Ring (I05N)
I05N,Hight-level Mare Rings (n00R),Истинное Кольцо Шторма Маре,True Mare Storm Ring,Mare Ring,Storm,Full,4750,,40,40,,,,,,500,,,,,,,20,100,"Active CD=20s mana=100 (A18F); +500 Max HP (A0S9); +40 AGI, +40 INT (A28D); Mark/Burn (AI25)","Повышениe INT, AGI на 40 ед., HP на 500 ед., применение способности с перезарядкой больше 4 сек увеличивает наносимый и получаемый магический урон на 3/6% (дальность до 3000) на 10 сек (не продлевается) за стак |  | Активно: Наносит всем противникам в радиусе 400 ед. 30% от их Max HP(не работает усиление от пассивной части) и отталкивает на расстояние 400 ед. | CD: 20 сек.","Increases INT and AGI by 40, HP by 500. Using an ability with CD over 4 sec increases dealt and received magic damage by 3/6% (range up to 3000) for 10 sec (does not refresh) per stack. | Active: Deals 30% of enemies' Max HP in radius 400 (passive bonus does not apply) and pushes back 400 distance. | CD: 20 sec.",Fake Mare Storm Ring (I05M) + Upgrade Item (I00E),
I05O,Mare Rings (n00S),"Кольцо Дождя Маре, Ранг D","Mare Rain Ring, Rank D",Mare Ring,Mist,D,1000,10,10,,,,,,,,,,,,,,,,+10 STR (A03P); +10 AGI (A04B),"Повышение STR, AGI на 10 ед., Замедляет AS атакующего вас врага на 30%.",Increases STR and AGI by 10. Slows AS of attacking enemy by 30%.,,"Mare Rain Ring, Rank C (I05P)"
I05P,,"Кольцо Дождя Маре, Ранг C","Mare Rain Ring, Rank C",Mare Ring,Mist,C,1750,15,15,,,,,,,,,,,,,,,,+15 STR (A03R); +15 AGI (A04C),"Повышение STR, AGI на 15 ед., Замедляет AS атакующего вас врага на 60%.",Increases STR and AGI by 15. Slows AS of attacking enemy by 60%.,"Mare Rain Ring, Rank D (I05O) + Upgrade Item (I00E)","Mare Rain Ring, Rank B (I05Q)"
I05Q,,"Кольцо Дождя Маре, Ранг B","Mare Rain Ring, Rank B",Mare Ring,Mist,B,2500,20,20,,,,,,,,,,,,,,,,+20 STR (A03T); +20 AGI (A04D),"Повышение STR, AGI на 20 ед., Замедляет AS атакующего вас врага на 90%.",Increases STR and AGI by 20. Slows AS of attacking enemy by 90%.,"Mare Rain Ring, Rank C (I05P) + Upgrade Item (I00E)","Mare Rain Ring, Rank A (I05R)"
I05R,,"Кольцо Дождя Маре, Ранг A","Mare Rain Ring, Rank A",Mare Ring,Mist,A,3250,25,25,,,,,,,,,,,,,,,,+25 STR (A03W); +25 AGI (A04E),"Повышение STR, AGI на 25 ед., Замедляет AS атакующего вас врага на 120%.",Increases STR and AGI by 25. Slows AS of attacking enemy by 120%.,"Mare Rain Ring, Rank B (I05Q) + Upgrade Item (I00E)",Fake Mare Rain Ring (I05S)
I05S,,Фальшивое Кольцо Дождя Маре,Fake Mare Rain Ring,Mare Ring,Mist,S,4000,30,30,,,,,,,,,,,,,,,,+30 STR (A03X); +30 AGI (A04F),"Повышение STR, AGI на 30 ед., Замедляет AS атакующего вас врага на 150%.",Increases STR and AGI by 30. Slows AS of attacking enemy by 150%.,"Mare Rain Ring, Rank A (I05R) + Upgrade Item (I00E)",True Mare Rain Ring (I05T)
I05T,Hight-level Mare Rings (n00R),Истинное Кольцо Дождя Маре,True Mare Rain Ring,Mare Ring,Mist,Full,4750,35,35,,,,,,,,,,,,,,30,100,"Active CD=30s mana=100 (A18G); +35 STR, +35 AGI (A18Z)","Повышение STR, AGI на 35 ед., Замедляет AS атакующего вас врага на 230%. |  | Активно: Увеличивает вашу STR и AGI на 20% на 15 сек. | CD: 30 сек.",Increases STR and AGI by 35. Slows AS of attacking enemy by 230%. | Active: Increases your STR and AGI by 20% for 15 sec. | CD: 30 sec.,Fake Mare Rain Ring (I05S) + Upgrade Item (I00E),
I05U,Mare Rings (n00S),"Кольцо Тумана Маре, Ранг D","Mare Mist Ring, Rank D",Mare Ring,Rain,D,1000,5,,10,,,,,,,,,,,,,,,+10 INT (A042); +5 STR (A041),Повышение INT на 10 ед. и STR на 5 ед.,Increases INT by 10 and STR by 5.,,"Mare Mist Ring, Rank C (I05V)"
I05V,,"Кольцо Тумана Маре, Ранг С","Mare Mist Ring, Rank C",Mare Ring,Rain,C,1750,10,,15,,,,,,,,,,,,,,,+15 INT (A043); +10 STR (A03P),Повышение INT на 15 ед. и STR на 10 ед.,Increases INT by 15 and STR by 10.,"Mare Mist Ring, Rank D (I05U) + Upgrade Item (I00E)","Mare Mist Ring, Rank B (I05W)"
I05W,,"Кольцо Тумана Маре, Ранг B","Mare Mist Ring, Rank B",Mare Ring,Rain,B,2500,15,,20,,,,,,,,,,,,,,,+20 INT (A044); +15 STR (A03R),Повышение INT на 20 ед. и STR на 15 ед.,Increases INT by 20 and STR by 15.,"Mare Mist Ring, Rank C (I05V) + Upgrade Item (I00E)","Mare Mist Ring, Rank A (I05X)"
I05X,,"Кольцо Тумана Маре, Ранг A","Mare Mist Ring, Rank A",Mare Ring,Rain,A,3250,20,,25,,,,,,,,,,,,,,,+25 INT (A045); +20 STR (A03T),Повышение INT на 25 ед. и STR на 20 ед.,Increases INT by 25 and STR by 20.,"Mare Mist Ring, Rank B (I05W) + Upgrade Item (I00E)",Fake Mare Mist Ring (I05Y)
I05Y,,Фальшивое Кольцо Тумана Маре,Fake Mare Mist Ring,Mare Ring,Rain,S,4000,25,,30,,,,,,,,,,,,,,,+30 INT (A046); +25 STR (A03W),Повышение INT на 30 ед. и STR на 25 ед.,Increases INT by 30 and STR by 25.,"Mare Mist Ring, Rank A (I05X) + Upgrade Item (I00E)",True Mare Mist Ring (I05Z)
I05Z,Hight-level Mare Rings (n00R),Истинное Кольцо Тумана Маре,True Mare Mist Ring,Mare Ring,Rain,Full,4750,40,,40,,,10,,,,,,,,,,40,250,Active CD=40s mana=250 (A18K); +40 INT (A047); +40 STR (A0XW); +10 DEF (A05H),"Повышение INT на 40 ед. и STR на 40 ед., DEF на 10 ед. |  | [Shadow Cover] - если герой не двигается и не получает урон в течении 4 секунд - он становится становится невидимым, пока соблюдает условия. |  | Активно: в течении 6 сек., герой может переродиться с 25% ед. HP и MP(снимает эффекты Юкирин,Эссенции). Время перерождения 5 сек. | Нельзя покупать с Комплектом Анбу! |  | Перезарядка: 40 сек.","Increases INT by 40 and STR by 40, DEF by 10. | [Shadow Cover] - if the hero does not move and does not take damage for 4 sec, they become invisible while conditions are met. | Active: for 6 sec the hero can revive with 25% HP and MP (removes Yukirin/Essence effects). Revive time 5 sec. | Cannot buy with ANBU Set! | Cooldown: 40 sec.",Fake Mare Mist Ring (I05Y) + Upgrade Item (I00E),
I060,Mare Rings (n00S),"Кольцо Облака Маре, Ранг D","Mare Cloud Ring, Rank D",Mare Ring,Cloud,D,1000,,15,,,,,,,,,,,,,,,,"+15 AGI (A04C); Shockwave: 100 DMG, range=30 (A18M)","Повышение AGI на 15 ед., отклонение 30 физ. урона (60 для мечей мечей Гильгамеша)","Increases AGI by 15, deflects 30 physical damage (60 for Gilgamesh swords).",,"Mare Cloud Ring, Rank C (I061)"
I061,,"Кольцо Облака Маре, Ранг С","Mare Cloud Ring, Rank C",Mare Ring,Cloud,C,1750,,20,,,,,,,,,,,,,,,,"+20 AGI (A04D); Shockwave: 100 DMG, range=50 (A18N)","Повышение AGI на 20 ед., отклонение 50 физ. урона (100 для мечей Гильгамеша)","Increases AGI by 20, deflects 50 physical damage (100 for Gilgamesh swords).","Mare Cloud Ring, Rank D (I060) + Upgrade Item (I00E)","Mare Cloud Ring, Rank B (I062)"
I062,,"Кольцо Облака Маре, Ранг B","Mare Cloud Ring, Rank B",Mare Ring,Cloud,B,2500,,25,,,,,,,,,,,,,,,,"+25 AGI (A04E); Shockwave: 100 DMG, range=70 (A18O)","Повышение AGI на 25 ед., отклонение 70 физ. урона (140 для мечей Гильгамеша)","Increases AGI by 25, deflects 70 physical damage (140 for Gilgamesh swords).","Mare Cloud Ring, Rank C (I061) + Upgrade Item (I00E)","Mare Cloud Ring, Rank A (I063)"
I063,,"Кольцо Облака Маре, Ранг A","Mare Cloud Ring, Rank A",Mare Ring,Cloud,A,3250,,30,,,,,,,,,,,,,,,,"+30 AGI (A04F); Shockwave: 100 DMG, range=90 (A18P)","Повышение AGI на 30 ед., отклонение 90 физ. урона (180 для мечей Гильгамеша)","Increases AGI by 30, deflects 90 physical damage (180 for Gilgamesh swords).","Mare Cloud Ring, Rank B (I062) + Upgrade Item (I00E)",Fake Mare Cloud Ring (I064)
I064,,Фальшивое Кольцо Облака Маре,Fake Mare Cloud Ring,Mare Ring,Cloud,S,4000,,35,,,,,,,,,,,,,,,,"+35 AGI (A18E); Shockwave: 100 DMG, range=110 (A18Q)","Повышение AGI на 35 ед., откланение 110 физ. урона (220 для мечей Гильгамеша)","Increases AGI by 35, deflects 110 physical damage (220 for Gilgamesh swords).","Mare Cloud Ring, Rank A (I063) + Upgrade Item (I00E)",True Mare Cloud Ring (I065)
I065,Hight-level Mare Rings (n00R),Истинное Кольцо Облака Маре,True Mare Cloud Ring,Mare Ring,Cloud,Full,4750,,40,,,,,,,,,,,,,,,,"Roar Aura: +25 DMG (A04H); +40 AGI (A04G); Shockwave: 100 DMG, range=130 (A18R)","Повышение AGI на 40 ед., отклонение 130 физ. урона (260 для мечей Гильгамеша), за каждые потерянные 5% Max HP во время урона, герой получает 5 ед. STR на 10 сек. |  | Независимость: Враги в радиусе 700 теряют возможность блокирования на 5 секунд от всех с возможностью очистить, 25 ед. DEF союзникам, на 5 сек. в радиусе 900 ед,а сам владелец на 3 сек пробивает задетых,можно снять только сапфиром и подобным, дополнительный урон +10% по врагам с щитами. Не действует против магической защиты и промахов. | CD: 30 сек.","Increases AGI by 40, deflects 130 physical damage (260 for Gilgamesh swords). For every 5% Max HP lost during damage, hero gains 5 STR for 10 sec. | Independence: Enemies in radius 700 lose blocking ability for 5 sec (cleansable), +25 DEF to allies for 5 sec in radius 900, owner pierces affected targets for 3 sec (only removable by Sapphire and similar), +10% bonus damage against shielded enemies. Does not affect magic defense and misses. | CD: 30 sec.",Fake Mare Cloud Ring (I064) + Upgrade Item (I00E),
I04H,Base Items (n004),Дроид-охранник,Guard Droid,,,,800,,,,9,,,,,,,5,25,,,,,,Aeye (A0Z4); +9 AllStat (A25S); +5 HP/s regen (A03Q); +25% MP regen (A04M),"Увеличивает AllStat на 9, регенерацию маны на 25% и HP на 5 ед. Активная способность:""Дроид-охранник"" - устанавливает в указанную область вард, на 60 сек. |  | Перезарядка: 25 сек.","Increases AllStat by 9, MP regen by 25% and HP regen by 5. Active ability: ""Guard Droid"" - places a ward in targeted area for 60 sec. | Cooldown: 25 sec.",,"Guard Droid Mk.II (I04I) , Guard Droid Mk.II (I04I)"
I04I,Ultimate Items 3 (n00I),Дроид-охранник mk.II,Guard Droid Mk.II,,,,2350,,,,20,,,,,,,10,50,,,,,,Aeye (A0Z6); +20 AllStat (A0EO); +10 HP/s regen (A03S); +50% MP regen (A04N),"Увеличивает AllStat на 20, регенерацию маны на 50% и HP на 10 ед. Активная способность:""Дроид-охранник"" - устанавливает в указанную область вард, на 80 сек. |  | Перезарядка: 25 сек. | ...ванильное око...","Increases AllStat by 20, MP regen by 50% and HP regen by 10. Active ability: ""Guard Droid"" - places a ward in targeted area for 80 sec. | Cooldown: 25 sec.",Guard Droid (I04H) + Guard Droid (I04H) + Upgrade Item (I00E),Guard Droid Mk.III (I066)
I066,Ultimate Items 3 (n00I),Дроид-охранник mk.III,Guard Droid Mk.III,,,,3450,,,,25,,,,,500,,20,75,,,,,,Aeye (A19F); Spellbook: [+25 AllStat (A060); +20 HP/s regen (A03V); +75% MP regen (A04O); +500 Max HP (A0S9)] (A1OD),"Увеличивает AllStat на 25, регенерацию MP на 75% и регенерацию HP на 20 ед., +500 HP. Активная способность:""Дроид-охранник"" - устанавливает в указанную область вард, на 100 сек. |  | Перезарядка: 20 сек. | ...ванильное око...","Increases AllStat by 25, MP regen by 75% and HP regen by 20, +500 HP. Active ability: ""Guard Droid"" - places a ward in targeted area for 100 sec. | Cooldown: 20 sec.",Madao Hat (I033) + Guard Droid Mk.II (I04I),
I122,Recipes 4 (n108),Зеркало Ята (рецепт),Yata Mirror (Recipe),,,,250,,,,,,,,,,,,,,,,,,,"AllStat 35, MP reg. 100%, DEF нa 10, при пoлyчeнии yрoнa, влaдeлeц вoзврaщaeт 30% yрoнa. Урoн oт cпocoбнocтeй Кoмплeктa Онидзyки и Stigmata Tesseract yмeньшaeтcя нa 50% yрoнa вoзврaтoм. | Active: Увeличивaeт вoзврaщaeмый yрoн дo 60% в тeчeнии 5 ceк. CD: 20. | Нe рaбoтaeт ecли ecть Прoбивaниe(Cloud Vongola нa врaгe и Stigmata Tesseract,Cloud Mare нa влaдeльцe). |  | Требуется: Истинный Посох Тьмы (4250)+Рецепт(250).","AllStat 35, MP regen 100%, DEF +10. On receiving damage, the owner reflects 30% damage. Damage from Onizuka Set and Stigmata Tesseract abilities is reduced by 50% via reflection. | Active: Increases reflected damage to 60% for 5 sec. CD: 20. | Does not work if there is Piercing (Cloud Vongola on enemy and Stigmata Tesseract/Cloud Mare on owner). | Requires: True Staff of Darkness (4250) + Recipe (250).",,Yata Mirror (I04T)
I020,Weapons (n00F),Истинный Посох Тьмы |r|c00FF5555Weapon|r,True Staff of Darkness [Weapon],,,,4250,,,,30,100,,,100,,,,,,,,,,"Unholy Frenzy (A09A); Spellbook: [+30 AllStat (A06P); +100 DMG (A06M); +100% AS (A0QW)] (A1EV); Dark Aura: -100% enemy DMG, range 1000 (A1EU)","Повышение силы атаки на 100 ед., AS +100%, повышение AllStat на 30 |  | Аура Тьмы: уменьшение силы атаки противника на 100% | Активно: Цель не может уйти дальше чем на 400 от текущего положения на протяжении 6(до 15 если цель в паузе) секунд. | Дальность: 1000 |  | CD: 30 сек.","Increases AD by 100, AS +100%, AllStat by 30. | Dark Aura: reduces enemy AD by 100%. | Active: Target cannot move further than 400 from current position for 6 sec (up to 15 sec if target is paused). | Range: 1000. | CD: 30 sec.",Sealed Staff of Darkness (I06C) + Upgrade Item (I00E),Yata Mirror (I04T)
I04T,Ultimate Items 3 (n00I),Зеркало Ята,Yata Mirror,,,,4500,,,,35,,10,,,,,,100,,,,20,150,Active CD=20s mana=150 (YatA); +35 AllStat (A0LD); +100% MP regen (A04P); +10 DEF (A05H),"AllStat 35, MP reg. 100%, DEF нa 10, при пoлyчeнии yрoнa, влaдeлeц вoзврaщaeт 30% yрoнa. Урoн oт cпocoбнocтeй Кoмплeктa Онидзyки и Stigmata Tesseract yмeньшaeтcя нa 50% yрoнa вoзврaтoм. | Active: Увeличивaeт вoзврaщaeмый yрoн дo 60% в тeчeнии 5 ceк. CD: 20. | Нe рaбoтaeт ecли ecть Прoбивaниe(Cloud Vongola нa врaгe и Stigmata Tesseract,Cloud Mare нa влaдeльцe).","AllStat 35, MP regen 100%, DEF +10. On receiving damage, the owner reflects 30% damage. Damage from Onizuka Set and Stigmata Tesseract abilities is reduced by 50% via reflection. | Active: Increases reflected damage to 60% for 5 sec. CD: 20. | Does not work if there is Piercing (Cloud Vongola on enemy and Stigmata Tesseract/Cloud Mare on owner).",True Staff of Darkness [Weapon] (I020) + Yata Mirror (Recipe) (I122),
I032,Ultimate Sets 2 (n00U),Очки Мадао,Madao Glasses,,,,1000,,,,,,5,,,450,,,,,,,,,+5 DEF (A0O9); +450 Max HP (A0OA),Повышение HP на 450 ед. и DEF на 5 ед.,Increases HP by 450 and DEF by 5.,,Madao Set (I036)
I033,Ultimate Sets 2 (n00U),Шапка Мадао,Madao Hat,,,,1100,,,,,,4,,,,,10,75,,,,,,+10 HP/s regen (A03S); +75% MP regen (A04O); +4 DEF (A25G),"Повышение регенерации HP на 10, а маны на 75%, DEF  + 4 ед.","Increases HP Regen by 10, MP Regen by 75%, DEF +4.",,"Madao Set (I036) , Gegetsuburi [Weapon] (I050) , Guard Droid Mk.III (I066)"
I035,Ultimate Sets 2 (n00U),Коробка Мадао,Madao Box,,,,1200,,,,15,,4,,,,,,,,,,,,+15 AllStat (A05V); +4 DEF (A25G),"Повышение AllStat на 15, DEF +4 ед.","Increases AllStat by 15, DEF +4.",,"Madao Set (I036) , Holy Grail (I068)"
I034,Ultimate Sets 2 (n00U),Собака Мадао,Madao Dog,,,,1300,,,,,60,,,,,,,,,,,,,Chain Lightning x3 (A0OB); +60 DMG (A05Z),"Разведка области в радиусе 1200 вокруг героя на 5 сек., повышение атаки на 60 ед. |  | Перезарядка: 20 сек.","Scouting area in radius 1200 around hero for 5 sec, increases AD by 60. | Cooldown: 20 sec.",,Madao Set (I036)
I036,Ultimate Items 3 (n00I),Комплект Мадао,Madao Set,,,,4600,,,,25,80,10,,,1000,,20,75,,,,,,Chain Lightning x3 (A0OF); Spellbook: [+10 DEF (A05H); +25 AllStat (A060); +1000 Max HP (A0OE); +80 DMG (A26M); +20 HP/s regen (A03V); +75% MP regen (A04O)] (A0OD),"Повышение AllStat на 25 ед., HP на 1000, HP Regen на 20 ед., MP Regen на 75%, атаку на 80 ед., DEF на 10 ед., уменьшение времени эффектов контроля на 10%. | Пассивно: подсвечивает врагов рядом с владельцем в области 500 | Active: Команда ""Взять"" - разведка области в радиусе 1600 вокруг ""Мадао"" на 10 сек и видно врагов в области использования 1000 в течении 5 сек. |  | Перезарядка: 20 сек.","Increases AllStat by 25, HP by 1000, HP Regen by 20, MP Regen by 75%, AD by 80, DEF by 10, reduces CC duration by 10%. | Passive: highlights enemies near the owner in area 500. | Active: Command ""Fetch"" - scouts area in radius 1600 around ""Madao"" for 10 sec and reveals enemies in 1000 area for 5 sec. | Cooldown: 20 sec.",Madao Hat (I033) + Madao Glasses (I032) + Madao Dog (I034) + Madao Box (I035),
I04L,Ultimate Items 3 (n00I),Эссенция льда,Ice Essence,,,,4900,15,15,35,,,,,,700,,,,,,,30,100,"Active CD=30s mana=100 (A118); +700 Max HP (A0SA); +15 STR, +15 AGI, +35 INT (A18D)","Увеличивает INT героя на 35 ед., а STR и AGI на 15 ед.,  HP на 700 ед. Способность: ""Охлаждение"" - на 10 сек. запрещает возможность восстанавливать HP, также наносит 15%(0.375% каждые 0.25) от Max HP урона за 10 сек. | Дальность: 900 | CD: 30 сек.","Increases hero INT by 35, STR and AGI by 15, HP by 700. Ability: ""Freeze"" - for 10 sec prevents HP recovery, also deals 15% (0.375% every 0.25s) of Max HP damage over 10 sec. | Range: 900. | CD: 30 sec.",Ice Sphere (I02S) + Medallion of Courage (I01M) + Ice Sphere (I02S),
I06H,Ultimate Sets (n00B),Броня Сайяна,Saiyan Armor,,,,1000,,,,,,10,,,,,,,,,,,,+10 DEF (A05H),Увеличение DEF на 10 ед.,Increases DEF by 10.,,Saiyan Set (I06E)
I06I,Ultimate Sets (n00B),Скаутер,Scouter,,,,1000,10,,,,50,,,,,,,,,,,,,+10 STR (A03P); +50 DMG (A05Y),"Увеличение STR на 10 ед., атаки на 50 ед.","Increases STR by 10, AD by 50.",,Saiyan Set (I06E)
I06F,Ultimate Sets (n00B),Перчатки Сайяна,Saiyan Gloves,,,,1500,20,,,,,,,,,,,,,,,,,+20 STR (A03T),Увеличение STR на 20 ед.,Increases STR by 20.,,Saiyan Set (I06E)
I06G,Ultimate Sets (n00B),Сапоги Сайяна,Saiyan Boots,,,,1500,10,20,,,,,,,,,,,,,,,,+10 STR (A03P); +20 AGI (A04D),"Увеличение STR на 10 ед., AGI на 20 ед.","Increases STR by 10, AGI by 20.",,Saiyan Set (I06E)
I06E,Ultimate Items 3 (n00I),Комплект Сайяна,Saiyan Set,,,,5000,30,20,,,,10,,,,,,,,,,20,,"Active CD=20s (A0YZ); +30 STR, +20 AGI (A1G7); +10 DEF (A05H)","Увеличение STR на 30 ед., AGI на 20 ед., DEF на 10 ед. Пассивно: восстанавливает 4%HP\3%MP при использовании способностей. | Активно: ""Скаутер"" - подсвечивает положение игроков на миникарте, а также делая их видимыми в течении 2 секунд и эффект Неба Маре на 1 сек. | CDR: 20 сек.","Increases STR by 30, AGI by 20, DEF by 10. Passive: restores 4% HP / 3% MP on ability use. | Active: ""Scouter"" - reveals player positions on minimap and makes them visible for 2 sec, also applies Mare Sky effect for 1 sec. | CD: 20 sec.",Scouter (I06I) + Saiyan Gloves (I06F) + Saiyan Boots (I06G) + Saiyan Armor (I06H),
I121,Recipes 4 (n108),Гримуар Прелати (рецепт),Prelati's Grimoire (Recipe),,,,400,,,,,,,,,,,,,,,,,,,"Увеличение INT на 60 ед., Магический резист на 15%. Пассивно(переключается нажатием): Реген 2% HP за 3.5% MP / сек. Если ресурс полный, он не затрачивается.  |  | Требуется: Комплект Акатсуки(4600)+Рецепт(400).","Increases INT by 60, Magic Resistance by 15%. Passive (toggle): Regens 2% HP for 3.5% MP/sec. If resource is full, it is not consumed. | Requires: Akatsuki Set (4600) + Recipe (400).",,Prelati's Grimoire (I06W)
I03X,Ultimate Sets (n00B),Хломида Акатсуки,Akatsuki Cloak,,,,1100,,,,,,5,,,,,,,,,,,,+5 DEF (A05G),Повышение DEF на 5 ед. и магической защиты на 10%.,Increases DEF by 5 and magic resistance by 10%.,,Akatsuki Set (I040)
I03Y,Ultimate Sets (n00B),Шляпа Акатсуки,Akatsuki Hat,,,,1100,,,,13,,,,,,,,75,,,,,,+13 AllStat (A14N); +75% MP regen (A04O),Повышение скорости восстановления маны на 75% и увеличение AllStat на 13 ед.,Increases MP regen by 75% and AllStat by 13.,,"Akatsuki Set (I040) , Stigmata Tesseract (ISTi)"
I03W,Ultimate Sets (n00B),Кольцо Акацуки,Akatsuki Ring,,,,1200,,,,,,,,,500,,15,,,,,,,+500 Max HP (A0Y0); +15 HP/s regen (A03U),"Повышение Regen HP на 15 ед., HP на 500 ед.","Increases HP Regen by 15, HP by 500.",,Akatsuki Set (I040)
I03Z,Ultimate Sets (n00B),Протектор Акатсуки,Akatsuki Protector,,,,1200,,,,16,,,,,,,,,,,,,,"+16 AllStat (A0W1); Shockwave: 100 DMG, range=40 (A0W0)",Повышение AllStat на 16 ед. и 100% отклонение 40 ед. физического урона.,Increases AllStat by 16 and 100% deflection of 40 physical damage.,,Akatsuki Set (I040)
I040,Ultimate Items 2 (n00A),Комплект Акатсуки,Akatsuki Set,,,,4600,,,,,,,,,,,20,100,,,,15,100,"Active CD=15s mana=100 (AI31); Mark/Burn: DMG=15, range=45 (AI30); +20 HP/s regen (A03V); +100% MP regen (A04P)","Повышение STR на 15 ед., INT на 45 ед., AGI на 15 ед., HP Regen на 20 ед., а маны на 100%, сопротивление магии на 15%. |  | Passive: ""Мастерство"" - за каждое примененное заклинание вам дается 8 ед. INT на 10 сек. | Active: следующая магическая атака в течении 10 сек усиливается на 4% за каждый стак пассивной части. | Перезарядка: 15 сек","Increases STR by 15, INT by 45, AGI by 15, HP Regen by 20, MP Regen by 100%, magic resistance by 15%. | Passive: ""Mastery"" - each ability cast grants 8 INT for 10 sec. | Active: next magic attack within 10 sec is boosted by 4% per passive stack. | Cooldown: 15 sec.",Akatsuki Protector (I03Z) + Akatsuki Cloak (I03X) + Akatsuki Hat (I03Y) + Akatsuki Ring (I03W),Prelati's Grimoire (I06W)
I06W,Ultimate Items 3 (n00I),Гримуар Прелати,Prelati's Grimoire,,,,5000,,,60,,,,,,,,,,,,,,25,Active mana=25 (A1I3); +60 INT (A0OH),"Увеличение INT на 60 ед., Магический резист на 15%. Пассивно(переключается нажатием): Реген 2% HP за 3.5% MP / сек. Если ресурс полный, он не затрачивается.","Increases INT by 60, Magic Resistance by 15%. Passive (toggle): Regens 2% HP for 3.5% MP/sec. If resource is full, it is not consumed.",Akatsuki Set (I040) + Prelati's Grimoire (Recipe) (I121),
I14R,Recipes 3 (n0J2),Броня Бороса (рецепт),Boros Armor (Recipe),,,,200,,,,,,,,,,,,,,,,,,,"Увеличивает AllStat на 35, уменьшает контроль по владельцу на 25%. Passive:""Сброс Лимитов"" - блокирует 1 способность, после чего, на 30 сек. повышается HP на 1000 и усиливает ослабление эффектов с 25% до 75% на 4 сек, минимальный DMG - 500 ед. | Нельзя покупать с Imagine Breaker, Medusa,All Fiction. CD: 30 сек. | Active: В течении последующих 5 сек. урон блокируется гарантированно. CD: 15 сек. |  | Требуется: Сфера Пустоты, Ленточка, Рецепт.","Increases AllStat by 35, reduces CC on owner by 25%. Passive: ""Limit Break"" - blocks 1 ability, then for 30 sec increases HP by 1000 and boosts CC reduction from 25% to 75% for 4 sec, min DMG 500. | Cannot buy with Imagine Breaker, Medusa, All Fiction. CD: 30 sec. | Active: For next 5 sec damage is blocked guaranteed. CD: 15 sec.",,Boros Armor (I13R)
I123,Recipes 4 (n108),Сфера Пустоты (рецепт),Void Sphere (Recipe),,,,300,,,,,,,,,,,,,,,,,,,"Увеличивает AllStat на 30. Passive:""Щит пустоты"" - блокирует 1 способность каждые 30 сек, минимальный DMG - 500 ед. | Нельзя покупать с Броней Бороса. | CD: 30 сек. |  | Требуется: Запечатанный посох тьмы(3500)+Рецепт(300).","Increases AllStat by 30. Passive: ""Void Shield"" - blocks 1 ability every 30 sec, min DMG 500. | Cannot buy with Boros Armor. | CD: 30 sec. | Requires: Sealed Staff of Darkness (3500) + Recipe (300).",,Void Sphere (I03R)
I12R,Base Items (n004),Ленточка,Ribbon,,,,1000,,,,,,,,,500,,,,,,,,,+500 Max HP (A0S9),"Увеличивает HP на 500, уменьшает контроль по владельцу на 20%.","Increases HP by 500, reduces CC on owner by 20%.",,"Boros Armor (I13R) , Sode no Shirayuki Weapon (ISHk) , Wind Hole (I130)"
I06C,,Запечатанный посох тьмы,Sealed Staff of Darkness,,,,3500,,,,24,50,,,50,,,,,,,,,,"Dark Aura: -50% enemy DMG, range 800 (A097); Spellbook: [+24 AllStat (A0VN); +50 DMG (A05Y); +50% AS (A0LJ)] (A0Y5)","Повышение силы атаки на 50 ед., AS +50%, повышение AllStat на 24 ед. |  | Аура Тьмы: уменьшение силы атаки противника на 50%","Increases AD by 50, AS +50%, AllStat by 24. | Dark Aura: reduces enemy AD by 50%.","Staff of Darkness, Rank A (I01Z) + Upgrade Item (I00E)","Void Sphere (I03R) , True Staff of Darkness [Weapon] (I020) , Kaleidoscope Ruby (I06Q) , Kaleidoscope Sapphire (I06R)"
I03R,Ultimate Items (n00E),Сфера Пустоты,Void Sphere,,,,3800,,,,30,,,,,,,,,,,,,,+30 AllStat (A06P),"Увеличивает AllStat на 30. Passive:""Щит пустоты"" - блокирует 1 способность каждые 30 сек., минимальный DMG - 500 ед. | Нельзя покупать с Броней Бороса. | CD: 30 сек.","Increases AllStat by 30. Passive: ""Void Shield"" - blocks 1 ability every 30 sec, min DMG 500. | Cannot buy with Boros Armor. | CD: 30 sec.",Sealed Staff of Darkness (I06C) + Void Sphere (Recipe) (I123),Boros Armor (I13R)
I13R,Ultimate Items 3 (n00I),Броня Бороса,Boros Armor,,,,5000,,,,35,,,,,,,,,,,,15,50,Active CD=15s mana=50 (BorA); +35 AllStat (A0LD),"Увеличивает AllStat на 35, уменьшает контроль по владельцу на 25%. Passive:""Сброс Лимитов"" - блокирует 1 способность, после чего, на 30 сек. HP на 1000 и усиливает ослабление эффектов с 25% до 75% на 4 сек, минимальный DMG - 500. | Нельзя покупать с Imagine Breaker, Medusa,All Fiction. CD: 30 сек. | Active: В течении последующих 5 сек. урон блокируется гарантированно. CD: 15 сек.","Increases AllStat by 35, reduces CC on owner by 25%. Passive: ""Limit Break"" - blocks 1 ability, then for 30 sec increases HP by 1000 and boosts CC reduction from 25% to 75% for 4 sec, min DMG 500. | Cannot buy with Imagine Breaker, Medusa, All Fiction. CD: 30 sec. | Active: For next 5 sec damage is blocked guaranteed. CD: 15 sec.",Ribbon (I12R) + Void Sphere (I03R) + Boros Armor (Recipe) (I14R),
I00R,Half Vongola Rings (n003),"Кольцо Шторма, Ранг D","Storm Ring, Rank D",Vongola Ring,Storm,D,500,,7,7,,,,,,,,,,,,,,,+7 AGI (A04I); +7 INT (A04J),"Повышение AGI на 7 ед., INT на 7 ед.","Increases AGI by 7, INT by 7.",,"Storm Ring, Rank C (I00S)"
IGDr,Recipes 2 (n015),Gae Dearg (рецепт),Gae Dearg (Recipe),,,,1050,,,,,,,,,,,,,,,,,,,"Повышение STR на 15, AGI и INT на 40 ед. и MP Regen на 125%. |  | Passive: [Mana Destruction] - урон больше 7% HP цели уничтожает 8% её Max MP. CD 10 sec. | • [Crimson Rose of Exorcism] - Выстреливает в противника копьем и наносит 3*INT + 3*AGI. Так же, эффекты магической защиты ослаблены на 40% в течении 5 секунд,при снятии ослабление становится 20% на оставшееся время.. Дальность: 1200 | Перезарядка: 20 сек. | Сборка: Настоящее Кольцо Шторма Вонголы + Рецепт","Increases STR by 15, AGI and INT by 40 and MP Regen by 125%. | Passive: [Mana Destruction] - damage over 7% target HP destroys 8% of their Max MP. CD: 10 sec. | [Crimson Rose of Exorcism] - fires a spear at enemy dealing 3*INT + 3*AGI. Also, magic resistance effects are weakened by 40% for 5 sec, on removal becomes 20% for remaining time. Range: 1200. | Cooldown: 20 sec. | Recipe: True Vongola Storm Ring + Recipe.",,Gae Dearg (IGDi)
I00S,,"Кольцо Шторма, Ранг С","Storm Ring, Rank C",Vongola Ring,Storm,C,1250,,10,10,,,,,,,,,25,,,,,,+25% MP regen (A04M); +10 AGI (A04B); +10 INT (A042),"Повышение AGI на 10 ед., INT на 10 ед. и MP Regen на 25%","Increases AGI by 10, INT by 10 and MP Regen by 25%.","Storm Ring, Rank D (I00R) + Upgrade Item (I00E)","Storm Ring, Rank B (I00T)"
I00T,,"Кольцо Шторма, Ранг B","Storm Ring, Rank B",Vongola Ring,Storm,B,2000,,14,14,,,,,,,,,50,,,,,,+50% MP regen (A04N); +14 AGI (A04K); +14 INT (A04L),"Повышение AGI на 14 ед., INT на 14 ед. и MP Regen на 50%","Increases AGI by 14, INT by 14 and MP Regen by 50%.","Storm Ring, Rank C (I00S) + Upgrade Item (I00E)","Storm Ring, Rank A (I00U)"
I00U,,"Кольцо Шторма, Ранг A","Storm Ring, Rank A",Vongola Ring,Storm,A,2750,,22,22,,,,,,,,,75,,,,,,+75% MP regen (A04O); +22 AGI (A04S); +22 INT (A04T),"Повышение AGI на 22 ед., INT на 22 ед. и MP Regen на 75%","Increases AGI by 22, INT by 22 and MP Regen by 75%.","Storm Ring, Rank B (I00T) + Upgrade Item (I00E)",Vongola Storm Ring (I00V)
I00V,,Кольцо Шторма Вонголы,Vongola Storm Ring,Vongola Ring,Storm,S,3500,,27,27,,,,,,,,,100,,,,,,+100% MP regen (A04P); +27 AGI (A04V); +27 INT (A04U),"Повышение AGI на 27 ед., INT на 27 ед. и MP Regen на 100%","Increases AGI by 27, INT by 27 and MP Regen by 100%.","Storm Ring, Rank A (I00U) + Upgrade Item (I00E)",True Vongola Storm Ring (I00W)
I00W,Hight-level Vongola Rings and Done items (n00C),Настоящее Кольцо Шторма Вонголы,True Vongola Storm Ring,Vongola Ring,Storm,Full,4250,,35,35,,,,,,,,,100,,,,20,50,Active CD=20s mana=50 (A04Y); +100% MP regen (A04P); +35 AGI (A18E); +35 INT (A98E),"Повышение AGI на 35 ед., INT на 35 ед. и MP Regen на 100%. |  | Active: ""Выстрел Бури"" - Выстреливает в противника пламенем шторма и наносит 3*INT + 3*AGI. Так же, эффекты магической защиты ослаблены на 30% в течении 5 секунд. Дальность: 900 |  | Перезарядка: 20 сек.","Increases AGI by 35, INT by 35 and MP Regen by 100%. | Active: ""Storm Shot"" - fires storm flame at enemy dealing 3*INT + 3*AGI. Also, magic resistance effects are weakened by 30% for 5 sec. Range: 900. | Cooldown: 20 sec.",Vongola Storm Ring (I00V) + Upgrade Item (I00E),Gae Dearg (IGDi)
IGDi,Ultimate Items 3 (n00I),Gae Dearg,Gae Dearg,,,,5300,15,40,40,,,,,,,,,125,,,,20,50,"Active CD=20s mana=50 (IGDs); +15 STR (A03R); +125% MP regen (A04Q); +40 AGI, +40 INT (AGDb)","Повышение STR на 15, AGI и INT на 40 ед. и MP Regen на 125%. |  | Passive: [Mana Destruction] - урон больше 7% HP цели уничтожает 8% её Max MP. CD 10 sec. | • [Crimson Rose of Exorcism] - Выстреливает в противника копьем и наносит 3*INT + 3*AGI. Так же, эффекты магической защиты ослаблены на 40% в течении 5 секунд,при снятии ослабление становится 20% на оставшееся время. Дальность: 1200 | Перезарядка: 20 сек.","Increases STR by 15, AGI and INT by 40 and MP Regen by 125%. | Passive: [Mana Destruction] - damage over 7% target HP destroys 8% of their Max MP. CD: 10 sec. | [Crimson Rose of Exorcism] - fires a spear at enemy dealing 3*INT + 3*AGI. Also, magic resistance effects are weakened by 40% for 5 sec, on removal becomes 20% for remaining time. Range: 1200. | Cooldown: 20 sec.",True Vongola Storm Ring (I00W) + Gae Dearg (Recipe) (IGDr),
I056,Mare Rings (n00S),"Кольцо Грозы Маре, Ранг D","Mare Lightning Ring, Rank D",Mare Ring,Lightning,D,1000,,,,9,,,,,,,,,,,,,,+9 AllStat (A0YH),Повышение AllStat на 9 ед.,Increases AllStat by 9.,,"Mare Lightning Ring, Rank C (I057)"
I057,,"Кольцо Грозы Маре, Ранг C","Mare Lightning Ring, Rank C",Mare Ring,Lightning,C,1750,,,,13,,,,,,,,,,,,,,+13 AllStat (A14N),Повышение AllStat на 13 ед.,Increases AllStat by 13.,"Mare Lightning Ring, Rank D (I056) + Upgrade Item (I00E)","Mare Lightning Ring, Rank B (I058)"
I058,,"Кольцо Грозы Маре, Ранг B","Mare Lightning Ring, Rank B",Mare Ring,Lightning,B,2500,,,,16,,,,,,,,,,,,,,+16 AllStat (A0W1),Повышение AllStat на 16 ед.,Increases AllStat by 16.,"Mare Lightning Ring, Rank C (I057) + Upgrade Item (I00E)","Mare Lightning Ring, Rank A (I059)"
I059,,"Кольцо Грозы Маре, Ранг A","Mare Lightning Ring, Rank A",Mare Ring,Lightning,A,3250,,,,19,,,,,,,,,,,,,,+19 AllStat (A05X),Повышение AllStat на 19 ед.,Increases AllStat by 19.,"Mare Lightning Ring, Rank B (I058) + Upgrade Item (I00E)",Fake Mare Lightning Ring (I05A)
I05A,,Фальшивое Кольцо Грозы Маре,Fake Mare Lightning Ring,Mare Ring,Lightning,S,4000,,,,22,,,,,,,,,,,,,,+22 AllStat (A14O),Повышение AllStat на 22 ед.,Increases AllStat by 22.,"Mare Lightning Ring, Rank A (I059) + Upgrade Item (I00E)",True Mare Lightning Ring (I05B)
I05B,Hight-level Mare Rings (n00R),Истинное Кольцо Грозы Маре,True Mare Lightning Ring,Mare Ring,Lightning,Full,4750,,,,30,,,,,,500,,,,,,30,100,Active CD=30s mana=100 (A187); +30 AllStat (A06P); +500 Max MP (A186),"Повышение AllStat на 30, MP на 500 ед. При получении урона больше 5% Max HP, герой нанесший урон оглушится на 1 сек, при неуязвимости - Немота на 0.5 сек. |  | Активно: Сжигает 10% от Max MP + 10% от текущего MP врагов и отдает 50% владельцу в радиусе 1100, если у врагов не остается маны, оглушает их на 2 сек. Если персонаж неуязвим - и если нет MP - Накладывает немоту на 2 сек. |  | CD: 30 сек.","Increases AllStat by 30, MP by 500. On receiving damage over 5% Max HP, the attacker is stunned for 1 sec; if invulnerable - silenced for 0.5 sec. | Active: Burns 10% Max MP + 10% current MP from enemies and gives 50% to owner in radius 1100. If enemies have no mana, stuns for 2 sec. If invulnerable and no MP - silences for 2 sec. | CD: 30 sec.",Fake Mare Lightning Ring (I05A) + Upgrade Item (I00E),Medusa - Dr.Stone (IMDi)
IMDi,Ultimate Items 3 (n00I),Medusa - Dr.Stone,Medusa - Dr.Stone,,,,5550,,,,30,,,,,,,,,,,,,,Item Transfer (on death) (IMDs); +30 AllStat (AMDb),"Повышение AGI на 30, INT на 30, STR на 30 |  |  • [Petrification] - нажатием (или Esc дважды) превращает героя в камень на 3 секунды и снимает негативные эффекты. Лечит на 15% HP. | CD: 45 секунд.","Increases AGI by 30, INT by 30, STR by 30. | [Petrification] - on press (or Esc twice) turns hero to stone for 3 sec and removes negative effects. Heals 15% HP. | CD: 45 sec.","True Mare Lightning Ring (I05B) + Staff of Darkness, Rank D (I01W) + Vongola Gloves (I008)",
I04M,Mare Rings (n00S),"Кольцо Неба Маре, Ранг D","Mare Sky Ring, Rank D",Mare Ring,Sky,D,1000,,10,10,,,,,,,,,,,,,,,"+10 AGI, +10 INT (A20P); ? (A30P)","Повышение AGI и INT на 10 ед., HP на 300","Increases AGI and INT by 10, HP by 300.",,"Mare Sky Ring, Rank C (I04N)"
I128,Recipes 3 (n0J2),All Fiction (рецепт),All Fiction (Recipe),,,,1250,,,,,,,,,,,,,,,,,,,"Увеличение AllStat на 30,AS: +135%. |  | Active: Владельца нельзя выделить целевыми способностями в течении 3 сек, снимает базовые дебаффы в течении 3 сек,а также эффекты: | Эссенция льда, Гин:T, Сабрак:E, Хассан:G, Вейвер:T,Кенширо: G,Акаме: F,Ичибей:F,T. | Нельзя покупать с Imagine Breaker, Medusa, Броней Бороса. | Перезарядка: 40 сек. |  | Требуется: Истинное Кольцо Неба Маре(4750)+Рецепт(1250).","Increases AllStat by 30, AS +135%. | Active: Owner cannot be targeted by abilities for 3 sec, removes basic debuffs for 3 sec, also removes effects: | Ice Essence, Gin:T, Sabrac:E, Hassan:G, Waver:T, Kenshiro:G, Akame:F, Ichibei:F,T. | Cannot buy with Imagine Breaker, Medusa, Boros Armor. | Cooldown: 40 sec. | Requires: True Mare Sky Ring (4750) + Recipe (1250).",,All Fiction (I129)
I04N,,"Кольцо Неба Маре, Ранг C","Mare Sky Ring, Rank C",Mare Ring,Sky,C,1750,,15,15,,,,,,450,,,,,,,,,"+15 AGI, +15 INT (A21P); +450 Max HP (A0OA)","Повышение AGI и INT на 15 ед., HP на 450","Increases AGI and INT by 15, HP by 450.","Mare Sky Ring, Rank D (I04M) + Upgrade Item (I00E)","Mare Sky Ring, Rank B (I04O)"
I04O,,"Кольцо Неба Маре, Ранг B","Mare Sky Ring, Rank B",Mare Ring,Sky,B,2500,,20,20,,,,,,600,,,,,,,,,"+20 AGI, +20 INT (A22P); +600 Max HP (A1S9)","Повышение AGI и INT на 20 ед., HP на 600","Increases AGI and INT by 20, HP by 600.","Mare Sky Ring, Rank C (I04N) + Upgrade Item (I00E)","Mare Sky Ring, Rank A (I04P)"
I04P,,"Кольцо Неба Маре, Ранг A","Mare Sky Ring, Rank A",Mare Ring,Sky,A,3250,,25,25,,,,,,750,,,,,,,,,"+25 AGI, +25 INT (A23P); +750 Max HP (A167)","Повышение AGI и INT на 25 ед., HP на 750","Increases AGI and INT by 25, HP by 750.","Mare Sky Ring, Rank B (I04O) + Upgrade Item (I00E)",Fake Mare Sky Ring (I04Q)
I04Q,,Фальшивое Кольцо Неба Маре,Fake Mare Sky Ring,Mare Ring,Sky,S,4000,,30,30,,,,,,900,,,,,,,,,"+30 AGI, +30 INT (A24P); +900 Max HP (A0SB)","Повышение AGI и INT на 30 ед., HP на 900","Increases AGI and INT by 30, HP by 900.","Mare Sky Ring, Rank A (I04P) + Upgrade Item (I00E)",True Mare Sky Ring (I04R)
I04R,Hight-level Mare Rings (n00R),Истинное Кольцо Неба Маре,True Mare Sky Ring,Mare Ring,Sky,Full,4750,,35,35,,,,,,1000,,,,,,,15,50,"Active CD=15s mana=50 (A10Q); +35 AGI, +35 INT (A25P); +1000 Max HP (A0OE)","Повышение AGI и INT на 35 ед., HP на 1000. |  | Active: ""Чистое Небо"" - очищает персонажа от негативных эффектов на 2 секунды и восстанавливает 12% от Max HP. Снимает эффект D Юджи. |  | Перезарядка: 15 сек.","Increases AGI and INT by 35, HP by 1000. | Active: ""Clear Sky"" - cleanses the hero of negative effects for 2 sec and restores 12% Max HP. Removes Yuji D effect. | Cooldown: 15 sec.",Fake Mare Sky Ring (I04Q) + Upgrade Item (I00E),All Fiction (I129)
I129,Ultimate Items 3 (n00I),All Fiction,All Fiction,,,,6000,,,,30,,,,135,,,,,,,,40,100,Active CD=40s mana=100 (AI35); +30 AllStat (A06P); +135% AS (A0TV),"Увеличение AllStat на 30,AS: +135%. | Можно активировать на Esc. | Active: Владельца нельзя выделить целевыми способностями в течении 3 сек, снимает базовые дебаффы в течении 3 сек,а также эффекты: | Эссенция льда, Гин:T, Сабрак:E, Хассан:G, Вейвер:T,Кенширо: G,Акаме: F,Ичибей:F,T. | Нельзя покупать с Imagine Breaker, Medusa, Броней Бороса. | Перезарядка: 40 сек.","Increases AllStat by 30, AS +135%. | Can be activated on Esc. | Active: Owner cannot be targeted by abilities for 3 sec, removes basic debuffs for 3 sec, also removes effects: | Ice Essence, Gin:T, Sabrac:E, Hassan:G, Waver:T, Kenshiro:G, Akame:F, Ichibei:F,T. | Cannot buy with Imagine Breaker, Medusa, Boros Armor. | Cooldown: 40 sec.",True Mare Sky Ring (I04R) + All Fiction (Recipe) (I128),
I04V,Ultimate Items 3 (n00I),Imagine Breaker,Imagine Breaker,,,,6300,,,,35,,,,,,,,,,,,,,Item Transfer (on death) (A12B); +35 AllStat (A0LD),"Увеличение AllStat на 35, При нажатии Esc дважды можно активировать предмет во время оглушения. | Нельзя покупать с Бороса, Medusa, All Fiction. | ""Бешенство"" - делает невосприимчивым к негативным эффектам на 7 сек, но уменьшает магический DMG на 20%. |  | CD: 55 сек.","Increases AllStat by 35. Can activate on Esc twice during stun. | Cannot buy with Boros Armor, Medusa, All Fiction. | ""Frenzy"" - makes immune to negative effects for 7 sec and invulnerable to many initial channeling abilities and items, but reduces magic DMG by 20%. | CD: 55 sec.","Vongola Gloves Lv.3 (I03I) + Sword, Rank A (I01K) + Medallion of Courage (I01M)",
IHYr,Recipes 3 (n0J2),Песочные часы Юкирин (Рецепт),Yukirin's Hourglass (Recipe),,,,950,,,,,,,,,,,,,,,,,,,"Повышение STR и AGI на 35, INT на 35. |  |  • [Trial of Time] - dealing damage more 50 reduces the target's HP regeneration efficiency for 5 sec. Dealing damage refreshes the duration and increases healing damage: -25/50/75%. CD: 0.5 сек. At 3 charges, half of the enemy's unrecovered HP is transferred to the owner. | Removable by cleansing. (see recipe) |  Active: Reduce Healing on aoe by 15%(30% if target have Imagine Breaker) can't be clean by cleaning like sky mare,breaker only sapphire and same. | Range: 800 | AOE: 400 | CD: 30 |  Сборка: Рец. + Солнце Маре B ранг + Весомый Аргумент","Increases STR and AGI by 35, INT by 35. | [Trial of Time] - dealing damage over 50 reduces target HP regen efficiency for 5 sec. Dealing damage refreshes duration and increases healing reduction: -25/50/75%. CD: 0.5 sec. At 3 charges, half of enemy's unrecovered HP is transferred to owner. | Removable by cleansing. | Active: Reduce Healing on AoE by 15% (30% if target has Imagine Breaker), only removable by Sapphire and similar. | Range: 800 | AoE: 400 | CD: 30. | Recipe: Recipe + Mare Sun Ring Rank B + Solid Argument.",,Yukirin's Hourglass (IHYi)
I05C,Mare Rings (n00S),"Кольцо Солнца Маре, Ранг D","Mare Sun Ring, Rank D",Mare Ring,Sun,D,1000,10,,,,,,,,,,,,,,,,,+10 STR (A03P),"Повышение STR на 10 ед., HP regen: 10% от INT.","Increases STR by 10, HP regen: 10% of INT.",,"Mare Sun Ring, Rank C (I05D)"
IOS3,Ultimate Sets 2 (n00U),Весомый Аргумент,Solid Argument,,,,1300,,,,12,,,,,,,,,,,,,,+12 AllStat (A0VL),Повышение AllStat на 12. |  |  • [Разрушитель постоянства] - каждое нанесение урона свыше 50 единиц уменьшает регенерацию цели на 25% на 5 секунд. Подавляется Часами Юкирин и не работает с Комплектом Онидзуки.,Increases AllStat by 12. | [Constancy Breaker] - each damage dealt over 50 reduces target regen by 25% for 5 sec. Suppressed by Yukirin's Hourglass and does not work with Onizuka Set.,,"Yukirin's Hourglass (IHYi) , Sode no Shirayuki Weapon (ISHk) , Onizuka Set (I1S4)"
I05D,,"Кольцо Солнца Маре, Ранг С","Mare Sun Ring, Rank C",Mare Ring,Sun,C,1750,15,,,,,,,,,,,,,,,,,+15 STR (A03R),"Повышение STR на 15 ед., HP regen: 11% от INT.","Increases STR by 15, HP regen: 11% of INT.","Mare Sun Ring, Rank D (I05C) + Upgrade Item (I00E)","Mare Sun Ring, Rank B (I05E)"
I05E,,"Кольцо Солнца Маре, Ранг B","Mare Sun Ring, Rank B",Mare Ring,Sun,B,2500,20,,,,,,,,,,,,,,,,,+20 STR (A03T),"Повышение STR на 20 ед., HP regen: 12% от INT.","Increases STR by 20, HP regen: 12% of INT.","Mare Sun Ring, Rank C (I05D) + Upgrade Item (I00E)","Yukirin's Hourglass (IHYi) , Mare Sun Ring, Rank A (I05F)"
IHYi,Ultimate Items 4 (n00J),Песочные часы Юкирин,Yukirin's Hourglass,,,,4750,,,,35,,,,,,,,,,,,30,200,Active CD=30s mana=200 (AI28); +35 AllStat (AP07),"Повышение STR и AGI на 35, INT на 35. |  |  • [Trial of Time] - dealing damage more 50 reduces the target's HP regeneration efficiency for 5 sec. Dealing damage refreshes the duration and increases healing damage: -25/50/75%. CD: 0.5 сек. At 3 charges, half of the enemy's unrecovered HP is transferred to the owner. | Removable by cleansing. (see recipe) |  |  Active: Reduce Healing on aoe by 15%(30% if target have Imagine Breaker) can't be clean by cleaning like sky mare,breaker only sapphire and same. | Range: 800 | AOE: 400 | CD: 30","Increases STR and AGI by 35, INT by 35. | [Trial of Time] - dealing damage over 50 reduces target HP regen efficiency for 5 sec. Dealing damage refreshes duration and increases healing reduction: -25/50/75%. CD: 0.5 sec. At 3 charges, half of enemy's unrecovered HP is transferred to owner. | Removable by cleansing. | Active: Reduce Healing on AoE by 15% (30% if target has Imagine Breaker), only removable by Sapphire and similar. | Range: 800 | AoE: 400 | CD: 30.","Solid Argument (IOS3) + Mare Sun Ring, Rank B (I05E) + Yukirin's Hourglass (Recipe) (IHYr)",
ISTr,Recipes 3 (n0J2),Stigmata Tesseract (Рецепт),Stigmata Tesseract (Recipe),,,,400,,,,,,,,,,,,,,,,,,,"Повышение INT на 35, сопротивления урону на 10%, AS на 50%, атаку на 40 и регенерация MP на 75%,HP: +500. |  | Пассивно: Наносимый урон больше 60 увеличивается на 3% Max HP цели в виде чистого неблокируемого урона. Не работает на иллюзии. CD: 3 сек. | Активно: Указанный противник получает метку на 6 секунд. Метка позволяет пробить щиты цели всем с возможностью очистить(сапфиром и подобным), а сам владелец пробивает врага в течении 5 и можно снять сапфиром. CD: 25 сек. |   |  Сборка: Рец.(400) + Мусс для Волос(1400) + Шляпа Акацуки(1100) + Сфера Льда(2000)","Increases INT by 35, damage resistance by 10%, AS by 50%, AD by 40 and MP Regen by 75%, HP +500. | Passive: Damage dealt over 60 is increased by 3% of target Max HP as pure unblockable damage. Does not work on illusions. CD: 3 sec. | Active: Target enemy receives a mark for 6 sec. Mark allows piercing target shields for all (cleansable by Sapphire and similar), owner pierces for 5 sec (also removable by Sapphire), +10% bonus damage against shielded enemies. When used on self, owner gets piercing for 3 sec. CD: 25 sec. | Recipe: Recipe (400) + Hair Mousse (1400) + Akatsuki Hat (1100) + Ice Sphere (2000).",,Stigmata Tesseract (ISTi)
IOS1,Ultimate Sets 2 (n00U),Мусс для Волос,Hair Mousse,,,,1400,,,,,40,,,50,,,,,,,,,,Spellbook: [+40 DMG (A25Y); +50% AS (A0LJ)] (A2EV),"Повышение атаки на 40, AS на 50%. |  |  • [Дозировка пафосом] - каждое нанесение урона свыше 30 ед. дополнительно наносит 30 чистого блокируемого урона. Не работает с Комплектом Онидзуки. Перезарядка: 1 секунда.","Increases AD by 40, AS by 50%. | [Pathos Dosage] - each damage dealt over 30 additionally deals 30 pure blockable damage. Does not work with Onizuka Set. Cooldown: 1 sec.",,"Stigmata Tesseract (ISTi) , Onizuka Set (I1S4)"
ISTi,Ultimate Items 4 (n00J),Stigmata Tesseract,Stigmata Tesseract,,,,4900,,,35,,40,,,50,500,,,75,,,,25,125,Active CD=25s mana=125 (ISTs); Spellbook: [+35 INT (A98E); +75% MP regen (A04O); Spellbook: [+40 DMG (A25Y); +50% AS (A0LJ)] (A2EV); +500 Max HP (A0S9)] (AI39),"Повышение INT на 35, сопротивления урону на 10%, AS на 50%, атаку на 40 и регенерация MP на 75%,HP: +500. |  | Пассивно: Наносимый урон больше 60 увеличивается на 3% Max HP цели в виде чистого неблокируемого урона. Не работает на иллюзии. CD: 3 сек. | Активно: Указанный противник получает метку на 6 секунд. Метка позволяет пробить щиты цели всем с возможностью очистить(сапфиром и подобным), а сам владелец пробивает врага в течении 5 и можно снять сапфиром, дополнительный урон +10% по врагам с щитами. При использовании на себя владелец получает єффект пробития на 3 сек  CD: 25 сек.","Increases INT by 35, damage resistance by 10%, AS by 50%, AD by 40 and MP Regen by 75%, HP +500. | Passive: Damage dealt over 60 is increased by 3% of target Max HP as pure unblockable damage. Does not work on illusions. CD: 3 sec. | Active: Target enemy receives a mark for 6 sec. Mark allows piercing target shields for all (cleansable by Sapphire and similar), owner pierces for 5 sec (also removable by Sapphire), +10% bonus damage against shielded enemies. When used on self, owner gets piercing for 3 sec. CD: 25 sec.",Akatsuki Hat (I03Y) + Hair Mousse (IOS1) + Ice Sphere (I02S) + Stigmata Tesseract (Recipe) (ISTr),
I06K,Ultimate Sets 2 (n00U),Перчатка Квинси,Quincy Glove,,,,1200,,,,13,40,,,,,,,,,,,,,+13 AllStat (A14N); +40 DMG (A05W),"Увеличение AllStat на 13 ед., атаку на 40 ед.","Increases AllStat by 13, AD by 40.",,Quincy Set (I06J)
I06L,Ultimate Sets 2 (n00U),Крест Квинси,Quincy Cross,,,,1200,,,,,,,,,,,20,,,,,,,+20 HP/s regen (A03V),Увеличение Regen HP на 20 ед.,Increases HP Regen by 20.,,Quincy Set (I06J)
I06M,Ultimate Sets 2 (n00U),Медальон Квинси,Quincy Medallion,,,,1300,,,,,,,,,1000,,,,,,,,,+1000 Max HP (A0OE),Увеличение запаса HP на 1000 ед.,Increases Max HP by 1000.,,Quincy Set (I06J)
I06N,Ultimate Sets 2 (n00U),Шинель Квинси,Quincy Coat,,,,1300,,,,10,,,,,,,,,,,,,,Aura: +20% MS (S00D); +10 AllStat (A10P),"Увеличение скорости передвижение на 20%, характеристик на 10 ед.","Increases MS by 20%, AllStat by 10.",,"Quincy Set (I06J) , Holy Grail (I068)"
I06J,Ultimate Items 4 (n00J),Комплект Квинси,Quincy Set,,,,5000,,,,35,,,,,,,15,-1.5,,,,30,250,Active CD=30s mana=250 (A1G9); Spellbook: [+35 AllStat (A0LD); Brilliance Aura: +-2% MP regen (A1G8); Aura: +30% MS (S00C); +15 HP/s regen (A03U)] (ACSb),"Увеличение AllStat на 35 ед., Regen HP на 15 и скорости передвижения на 30%, выжигание маны противников радиусе 500 ед. 1.5% ед. в сек. |  | Активная способность: ""The Balance"" -  см. рецепт |  | Длительность: 7 сек. | CDR: 30 сек.","Increases AllStat by 35, HP Regen by 15 and MS by 30%. Burns enemy MP in radius 500 by 1.5%/sec. | Active ability: ""The Balance"" - see recipe. | Duration: 7 sec. | CD: 30 sec.",Quincy Glove (I06K) + Quincy Cross (I06L) + Quincy Medallion (I06M) + Quincy Coat (I06N),
I06S,Recipes 3 (n0J2),Калейдожезл Руби (рецепт),Kaleidoscope Ruby (Recipe),,,,1500,,,,,,,,,,,,,,,,,,,"Увеличение AllStat на 35 ед., понижение сопротивления магии противников на 15% в радиусе 1000 ед. |  | Активная способность: ""Slash"" |  | Требуется: Запечатанный Посох Тьмы, Рецепт","Increases AllStat by 35, reduces enemy magic resistance by 15% in radius 1000. | Active ability: ""Slash"" | Requires: Sealed Staff of Darkness, Recipe.",,Kaleidoscope Ruby (I06Q)
I06Q,Ultimate Items 4 (n00J),Калейдожезл Руби,Kaleidoscope Ruby,,,,5000,,,,35,,,,,,,,,,,,15,190,Active CD=15s mana=190 (A1GE); +35 AllStat (A0LD); Devotion Aura (A1GG),"Увеличение AllStat на 35 ед., повышение магического урона по противникам в радиусе 1000 ед на 15%. |  | Активная способность: ""Slash"" -  выпускает волну силы, которая наносит 2*AllStat. |  | CDR: 15 сек.","Increases AllStat by 35, increases magic damage to enemies in radius 1000 by 15%. | Active ability: ""Slash"" - releases a power wave dealing 2*AllStat. | CD: 15 sec.",Sealed Staff of Darkness (I06C) + Kaleidoscope Ruby (Recipe) (I06S),
I06T,Recipes 3 (n0J2),Калейдожезл Сапфир (рецепт),Kaleidoscope Sapphire (Recipe),,,,1500,,,,,,,,,,,,,,,,,,,"Увеличение AllStat на 35 ед., повышение сопротивления магии союзников на 15% в радиусе 1000 ед. |  | Активная способность: ""Mass Purge"" |  | Требуется: Запечатанный Посох Тьмы, Рецепт","Increases AllStat by 35, increases ally magic resistance by 15% in radius 1000. | Active ability: ""Mass Purge"" | Requires: Sealed Staff of Darkness, Recipe.",,Kaleidoscope Sapphire (I06R)
I06R,Ultimate Items 4 (n00J),Калейдожезл Сапфир,Kaleidoscope Sapphire,,,,5000,,,,35,,,,,,,,,,,,20,100,Active CD=20s mana=100 (A1GK); Devotion Aura (A1GI); +35 AllStat (A0LD),"Увеличение AllStat на 35 ед., повышение сопротивления магии союзников на 15% в радиусе 1000 ед. |  | Активная способность: ""Mass Purge"" - выпускает волну в указанном направлении, который снимает через 2 секунды все эффекты и щиты с задетых врагов, у которых не было эффекта Imagine Breaker. С задетых союзников мгновенно снимаются ограничения в восстановлении HP и восстанавливается 5% Max HP. |  | CDR: 20 сек.","Increases AllStat by 35, increases ally magic resistance by 15% in radius 1000. | Active ability: ""Mass Purge"" - releases a wave in the targeted direction that after 2 sec removes all effects and shields from affected enemies without Imagine Breaker. Affected allies instantly have HP recovery restrictions removed and restore 5% Max HP. | CD: 20 sec.",Sealed Staff of Darkness (I06C) + Kaleidoscope Sapphire (Recipe) (I06T),
I01W,Base Items (n004),"Посох Тьмы, Ранг D","Staff of Darkness, Rank D",,,,500,,,,8,10,,,10,,,,,,,,,,"Dark Aura: -10% enemy DMG, range 600 (A093); +10% AS (A053); +10 DMG (A05Q); +8 AllStat (A0Y2)","Повышение силы атаки на 10 ед., AS +10%, повышение AllStat на 8 ед. |  | Аура Тьмы: уменьшение силы атаки противника на 10%","Increases AD by 10, AS +10%, AllStat by 8. | Dark Aura: reduces enemy AD by 10%.",,"Staff of Darkness, Rank C (I01X) , Medusa - Dr.Stone (IMDi)"
I126,Recipes 4 (n108),Gold Amulet (рецепт),Gold Amulet (Recipe),,,,500,,,,,,,,,,,,,,,,,,,Увеличение AllStat на 15. |  | Passive: 15 % нанесенного урона конвертируется в HP владельца | Active: Усиливает пассивный эффект на 100% в течении 3 сек | Перезарядка: 15 сек. |  | Требуется: Посох Тьмы Ранга B(2000)+Рецепт(500).,Increases AllStat by 15. | Passive: 15% of dealt damage converts to owner HP. | Active: Doubles the passive effect for 3 sec. | Cooldown: 15 sec. | Requires: Staff of Darkness Rank B (2000) + Recipe (500).,,Gold Amulet (I104)
I127,Recipes 4 (n108),Silver Amulet (рецепт),Silver Amulet (Recipe),,,,500,,,,,,,,,,,,,,,,,,,Увеличение AllStat на 15. |  | Passive: 15 % нанесенного урона конвертируется в MP владельца | Active: Усиливает пассивный эффект на 100% в течении 3 сек | Перезарядка: 15 сек. |  | Требуется: Посох Тьмы Ранга B(2000)+Рецепт(500).,Increases AllStat by 15. | Passive: 15% of dealt damage converts to owner MP. | Active: Doubles the passive effect for 3 sec. | Cooldown: 15 sec. | Requires: Staff of Darkness Rank B (2000) + Recipe (500).,,Silver Amulet (I105)
I01X,,"Посох Тьмы, Ранг С","Staff of Darkness, Rank C",,,,1250,,,,12,20,,,20,,,,,,,,,,"Dark Aura: -20% enemy DMG, range 600 (A094); +20% AS (A057); +20 DMG (A05R); +12 AllStat (A0VL)","Повышение силы атаки на 20 ед., AS +20%, повышение AllStat на 12 ед. |  | Аура Тьмы: уменьшение силы атаки противника на 20%","Increases AD by 20, AS +20%, AllStat by 12. | Dark Aura: reduces enemy AD by 20%.","Staff of Darkness, Rank D (I01W) + Upgrade Item (I00E)","Staff of Darkness, Rank B (I01Y)"
I01Y,,"Посох Тьмы, Ранг B","Staff of Darkness, Rank B",,,,2000,,,,16,30,,,30,,,,,,,,,,"Dark Aura: -30% enemy DMG, range 600 (A095); +30% AS (A05B); +30 DMG (A05U); +16 AllStat (A0W1)","Повышение силы атаки на 30 ед., AS +30%, повышение AllStat на 16 ед. |  | Аура Тьмы: уменьшение силы атаки противника на 30%","Increases AD by 30, AS +30%, AllStat by 16. | Dark Aura: reduces enemy AD by 30%.","Staff of Darkness, Rank C (I01X) + Upgrade Item (I00E)","Gold Amulet (I104) , Silver Amulet (I105) , Staff of Darkness, Rank A (I01Z)"
I104,Ultimate Items 4 (n00J),Gold Amulet,Gold Amulet,,,,2500,,,,15,,,,,,,,,,,,15,10,Active CD=15s mana=10 (AI15); +15 AllStat (A05V),Увеличение AllStat на 15. |  | Passive: 15 % нанесенного урона конвертируется в HP владельца | Active: Усиливает пассивный эффект на 100% в течении 3 сек | Перезарядка: 15 сек.,Increases AllStat by 15. | Passive: 15% of dealt damage converts to owner HP. | Active: Doubles the passive effect for 3 sec. | Cooldown: 15 sec.,"Staff of Darkness, Rank B (I01Y) + Gold Amulet (Recipe) (I126)",Perfect Amulet (I106)
I105,Ultimate Items 4 (n00J),Silver Amulet,Silver Amulet,,,,2500,,,,15,,,,,,,,,,,,15,10,Active CD=15s mana=10 (AI16); +15 AllStat (A05V),Увеличение AllStat на 15. |  | Passive: 15 % нанесенного урона конвертируется в MP владельца | Active: Усиливает пассивный эффект на 100% в течении 3 сек | Перезарядка: 15 сек.,Increases AllStat by 15. | Passive: 15% of dealt damage converts to owner MP. | Active: Doubles the passive effect for 3 sec. | Cooldown: 15 sec.,"Staff of Darkness, Rank B (I01Y) + Silver Amulet (Recipe) (I127)",Perfect Amulet (I106)
I106,Ultimate Items 4 (n00J),Perfect Amulet,Perfect Amulet,,,,5000,,,,30,,,,,,,,,,,,20,10,Active CD=20s mana=10 (AI17); +30 AllStat (AI26),Увеличение AllStat на 30. |  | Passive: 15 % нанесенного урона конвертируется в MP и HP владельца | Active: Усиливает пассивный эффект на 100% в течении 3 сек | Перезарядка: 20 сек.,Increases AllStat by 30. | Passive: 15% of dealt damage converts to owner MP and HP. | Active: Doubles the passive effect for 3 sec. | Cooldown: 20 sec.,Gold Amulet (I104) + Silver Amulet (I105),
I130,Ultimate Items 4 (n00J),Wind Hole,Wind Hole,,,,5050,,,,30,,,,175,,,,,,,,25,200,Active CD=25s mana=200 (AI40); +30 AllStat (A06P); +175% AS (A0TW),"Увеличение AllStat на 30, AS: +175%. |  | Passive: Поглощение: 20% урона от владельца поглощает(не дает владельцу) MP у врагов. |  | Active: Втягивает рядом стоящих в области 400 уязвимых союзников и врагов с владецем в течении 1 сек и выпускает через 2 сек вокруг, либо растоянии больше 1000 от начала. |  | Перезарядка: 25 сек.","Increases AllStat by 30, AS +175%. | Passive: Absorption: 30% of damage from owner absorbs (denies to owner) enemy MP. | Active: Pulls nearby vulnerable allies and enemies in area 400 with the owner for 1 sec and releases after 2 sec around, or at distance over 1000 from start. | Cooldown: 25 sec.",Vongola Gloves Lv.5 (I03K) + Ribbon (I12R),
IOS4,Ultimate Sets 2 (n00U),Серьги Онидзуки,Onizuka Earrings,,,,1400,,,5,,,,,,300,,,50,,,,,,+300 Max HP (A0S8); +50% MP regen (A04N); +5 INT (A05E),"Повышение HP на 300, INT на 5, Regen MP на 50%. |  |  • [Экстраординарность] - при нанесении урона восстанавливает HP в размере 5% Max HP. Перезарядка: 10 секунд.","Increases HP by 300, INT by 5, MP Regen by 50%. | [Extraordinaire] - on dealing damage restores HP equal to 5% Max HP. Cooldown: 10 sec.",,Onizuka Set (I1S4)
I1S4,Ultimate Items 4 (n00J),Комплект Онидзуки,Onizuka Set,,,,5300,,,,25,80,,,50,600,,,,,,,20,50,Active CD=20s mana=50 (OniS); Spellbook: [+80 DMG (A26M); +50% AS (A0LJ); +25 AllStat (A060); +600 Max HP (A1S9)] (A3EV),"Увеличение AllStat на 25, HP на 600, DMG на 80, AS на 50%.  | Пассивно: Dealing damage over 50 additionally deals 0.2*AllStat pure damage blocked and slows Regen HP by 25% for 5 sec (does not work with Yukirin Watch), restores 0.5% Max HP/MP to the owner. CD: 1 сек. | Активно: Reduces passive cooldown to 0.2 for 5 seconds. CD: 20 сек","Increases AllStat by 25, HP by 600, DMG by 80, AS by 50%. | Passive: Damage dealt over 50 additionally deals 0.2*AllStat pure damage (blocked) and slows HP Regen by 25% for 5 sec (does not work with Yukirin's Hourglass), restores 0.5% Max HP/MP to owner. CD: 1 sec. | Active: Reduces passive cooldown to 0.2 for 5 sec. CD: 20 sec.",Solid Argument (IOS3) + Onizuka Earrings (IOS4) + Stylish Jacket (IOS2) + Hair Mousse (IOS1),
I06P,Recipes 3 (n0J2),Темный Грааль (рецепт),Dark Grail (Recipe),,,,1800,,,,,,,,,,,,,,,,,,,"Повышение MS на 25%, Регенерации на 25 ед., DEF на 10 ед, в радиусе 1500 ед., увеличение AllStat на 30. |  | Active: ""Исцеление"" |  | Перезарядка: 45 сек. |  | Требуется: Святой Грааль, Рецепт.","Increases MS by 25%, Regen by 25, DEF by 10 in radius 1500, AllStat by 30. | Active: ""Healing"" | Cooldown: 45 sec. | Requires: Holy Grail, Recipe.",,Dark Grail (I06O)
I068,Ultimate Items 4 (n00J),Святой Грааль,Holy Grail,,,,4500,,,,25,,5,,,,,5,,,,,,,"+5 HP/s regen (A19Z); Aura: +20% MS, +20 HP regen (radius 1500) (A19Y); Devotion Aura: +5 DEF (A1A0); +25 AllStat (A060)","Повышение MS на 20%, Регенерации на 20 ед., DEF на 5 ед, в радиусе 1500 ед., увеличение AllStat на 25. |  | Active: ""Исцеление"" - постепенно восстанавливает 500+Уровень*10 ед. HP всем союзникам за 6 сек. в радиусе 1000. | Работает с 4 раунда |  | Перезарядка: 45 сек.","Increases MS by 20%, Regen by 20, DEF by 5 in radius 1500, AllStat by 25. | Active: ""Healing"" - gradually restores 500 + Level*10 HP to all allies over 6 sec in radius 1000. | Available from round 4. | CD: 45 sec.",Orb of Fire (I02R) + Madao Box (I035) + Quincy Coat (I06N),Dark Grail (I06O)
I06O,Ultimate Items 4 (n00J),Темный Грааль,Dark Grail,,,,6300,,,,30,,10,,,,,5,,,,,,,"+5 HP/s regen (A1GB); Aura: +25% MS, +25 HP regen (radius 1500) (A1GC); Devotion Aura: +10 DEF (A1GD); +30 AllStat (A06P)","Повышение MS на 25%, Регенерации на 25 ед., DEF на 10 ед, в радиусе 1500 ед., увеличение AllStat на 30 |  | Active: ""Исцеление"" - постепенно восстанавливает 1000+Уровень*20 ед. HP всем союзникам за 6 сек. в радиусе 1000. |  | CDR: 45 сек","Increases MS by 25%, Regen by 25, DEF by 10 in radius 1500, AllStat by 30. | Active: ""Healing"" - gradually restores 1000 + Level*20 HP to all allies over 6 sec in radius 1000. | CD: 45 sec.",Holy Grail (I068) + Dark Grail (Recipe) (I06P),
ISHs,Recipes 2 (n015),Sode no Shirayuki (рецепт),Sode no Shirayuki (Recipe),,,,2900,,,,,,,,,,,,,,,,,,,"Увеличение AllStat на 18, HP на 500, DMG на 30. |  | Passive: Каждое нанесение урона свыше 50 единиц увеличивает длительность эффектов контроля на 25% на 5 секунд. |  | Требуется: Меч Ранга D, Весомый Аргумент, Ленточка.","Increases AllStat by 18, HP by 500, DMG by 30. | Passive: Each damage dealt over 50 increases CC duration by 25% for 5 sec. | Requires: Sword Rank D, Solid Argument, Ribbon.",,
I04S,Recipes 2 (n015),Эссенция льда (рецепт),Ice Essence (Recipe),,,,4900,,,,,,,,,,,,,,,,,,,"Увеличивает INT героя на 35 ед., STR и AGI на 15 ед., HP на 700 ед. Способность: ""Охлаждение""  | Дальность: 900 | CD: 30 сек. |  | Требуется:2хСфера льда, Медаль Храбрости","Increases hero INT by 35, STR and AGI by 15, HP by 700. Ability: ""Freeze"" | Range: 900. | CD: 30 sec. | Requires: 2x Ice Sphere, Medallion of Courage.",,
IHnR,Recipes 2 (n015),Hakka no Togame (рецепт),Hakka no Togame (Recipe),,,,6100,,,,,,,,,,,,,,,,,,,"Увеличение AllStat на 35, DEF на 15, AS на 50%, DMG на 60. |  | Passive: Каждое нанесение урона свыше 50 единиц увеличивает длительность эффектов контроля на 25% на 5 секунд. |  | Active: ""Абсолютный ноль"" - DEF +10 ед., уменьшение получаемого урона на 0.3*Main Stat, 10% входящего урона конвертируется в MP. Длится 7 сек. | Наносит 150 ед. урона всем врагам вокруг в 600 AoE, оглушая на 1 сек. | CD: 25 сек. |  | Требуется: Перчатки льда, Sode no Shirayuki.","Increases AllStat by 35, DEF by 15, AS by 50%, DMG by 60. | Passive: Each damage dealt over 50 increases CC duration by 25% for 5 sec. | Active: ""Absolute Zero"" - DEF +10, reduces incoming damage by 0.3*Main Stat, 10% of incoming damage converts to MP. Lasts 7 sec. | Deals 150 damage to all enemies in 600 AoE, stunning for 1 sec. | CD: 25 sec. | Requires: Ice Gloves, Sode no Shirayuki.",,
I06U,Recipes 3 (n0J2),Святой Грааль (рецепт),Holy Grail (Recipe),,,,4500,,,,,,,,,,,,,,,,,,,"Повышение MS на 20%, Регенерации на 20 ед., DEF на 5 ед, в радиусе 1500 ед., увеличение AllStat на 25. | Active: ""Исцеление"" |  | Перезарядка: 45 сек. |  | Требуется: Сфера Огня, Коробка Мадао, Шинель Квинси.","Increases MS by 20%, Regen by 20, DEF by 5 in radius 1500, AllStat by 25. | Active: ""Healing"" | Cooldown: 45 sec. | Requires: Fire Sphere, Madao Box, Quincy Mantle.",,
I06V,Recipes 3 (n0J2),Комплект Квинси (рецепт),Quincy Set (Recipe),,,,5000,,,,,,,,,,,,,,,,,,,"Активная способность: ""The Balance"" -  вешает на противника метку, которая увеличивает длительность контроля на 50%.  | Если противник использует предмет, метка пропадает, но он потеряет возможность использовать предметы и способности на 3 секунды. | Дальность: 1000 | Длительеность: 7 сек. | CDR: 30 сек.","Active ability: ""The Balance"" - marks an enemy, increasing CC duration by 50%. | If the enemy uses an item, the mark disappears but they lose ability to use items and abilities for 3 sec. | Duration: 7 sec. | CD: 30 sec.",,
IMDr,Recipes 3 (n0J2),Medusa - Dr.Stone (рецепт),Medusa - Dr.Stone (Recipe),,,,5550,,,,,,,,,,,,,,,,,,,"Повышение AGI на 30, INT на 30, STR на 30. |  |   • [Petrification] - нажатием (или Esc дважды) превращает героя в камень на 3 секунды и снимает негативные эффекты. Лечит на 15% HP. | CD: 45 секунд. | Нельзя покупать с Брейкером или Боросом! |  | Сборка: Посох Тьмы, Ранг D(500) + Перчатки Вонголы(300) + Истинное Кольцо Грозы Маре(4750)","Increases AGI by 30, INT by 30, STR by 30. | [Petrification] - on press (or Esc twice) turns hero to stone for 3 sec and removes negative effects. Heals 15% HP. | CD: 45 sec. | Cannot buy with Breaker or Boros! | Recipe: Staff of Darkness Rank D (500) + Vongola Gloves (300) + True Mare Lightning Ring (4750).",,
I04W,Recipes 3 (n0J2),Imagine Breaker (рецепт),Imagine Breaker (Recipe),,,,6300,,,,,,,,,,,,,,,,,,,"Увеличение AllStat на 35 ед. | Нельзя покупать с Бороса, Medusa, All Fiction. | Активная способность: ""Бешенство"". |  | Перезарядка: 55 сек. |  | Требуется:Меч Ранга A, Перчатка вонголы Уровень 3, Медаль Храбрости.","Increases AllStat by 35. Cannot buy with Boros, Medusa, All Fiction. | Active ability: ""Frenzy"". | Cooldown: 55 sec. | Requires: Sword Rank A, Vongola Gloves Lv.3, Medallion of Courage.",,
I107,Recipes 4 (n108),Perfect Amulet (рецепт),Perfect Amulet (Recipe),,,,5000,,,,,,,,,,,,,,,,,,,"Увеличение AllStat на 30. |  | Passive: 15 % нанесенного урона конвертируется в MP и HP владельца | Active: Усиливает пассивный эффект на 100% в течении 3 сек | Перезарядка: 20 сек. |  | Требуется: Gold Amulet(2500),Silver Amulet(2500).","Increases AllStat by 30. | Passive: 15% of dealt damage converts to owner MP and HP. | Active: Doubles the passive effect for 3 sec. | Cooldown: 20 sec. | Requires: Gold Amulet (2500), Silver Amulet (2500).",,
I131,Recipes 4 (n108),Wind Hole (рецепт),Wind Hole (Recipe),,,,5550,,,,,,,,,,,,,,,,,,,"Увеличение AllStat на 30, AS: +175%. |  | Passive: Поглощение: 20% урона от владельца поглощает(не дает владельцу) MP у врагов. |  | Active: Втягивает рядом стоящих в области 400 уязвимых союзников и врагов с владецем в течении 1 сек и выпускает через 2 сек вокруг, либо растоянии больше 1000 от начала. |  | Перезарядка: 25 сек. |  | Сборка:Перчатки Вонголы Уровень 5 (4050)+Ленточка (1000)","Increases AllStat by 30, AS +175%. | Passive: Absorption: 30% of damage from owner absorbs (denies to owner) enemy MP. | Active: Pulls nearby vulnerable allies and enemies in area 400 with the owner for 1 sec and releases after 2 sec around, or at distance over 1000 from start. | Cooldown: 25 sec. | Recipe: Vongola Gloves Lv.5 (4050) + Ribbon (1000).",,
I04Z,Recipes 2 (n015),Самехада (Рецепт),Samehada (Recipe),,,,1050,,,,,,,,,,,,,,,,,,,"Повышение STR и INT  на 35 ед., атаки на 125 ед. (50 ед. при bleeding), повышение AS на 50%. Переключение между режимами: 1) Выжигание маны 8% от текущ +heal 2)Чистый урон 50+40% от автоатаки. |  | Требуется:Сандай Китетсу,Рецепт.","Increases STR and INT by 35, AD by 125 (50 when bleeding), AS by 50%. Toggle between modes: 1) Burns 8% current MP + heal. 2) Pure damage 50+40% of autoattack. | Requires: Sandai Kitetsu, Recipe.",,Samehada (Bleeding) [Weapon] (I03O)
I03O,,Самехада (Bleeding) |r|c00FF5555Weapon|r,Samehada (Bleeding) [Weapon],,,,5500,35,,35,,50,,,50,,,,,,,,,50,"Active mana=50 (A0UG); +50% AS (A0LJ); +35 STR, +35 INT (A0UF); +50 DMG (A05Y)","Повышение STR и INT  на 35 ед., атаки на 50 ед., повышение AS на 50%. Переключение между режимами: 1) Каждая атака выжигает 8% текущего MP, восстанавливая 1.5х Количество выжженной MP в виде HP. 2) Каждая атака наносит 50+40% от автоатаки в виде чистого урона.","Increases STR and INT by 35, AD by 50, AS by 50%. Toggle between modes: 1) Each attack burns 8% current MP, restoring 1.5x burnt MP as HP. 2) Each attack deals 50+40% of autoattack as pure damage.",Sandai Kitetsu [Weapon] (I01O) + Samehada (Recipe) (I04Z),
